idmeteo,idtelescope,date,tempext,tempint,pression,humidext,humidint,pluie,vent,dirvent,skytemperature,dwn,Jan,Feb,Mar,Apr,May,Jun,Jul,Aug,Sep,Oct,Nov,Dec
123730,3,2015-03-01 00:03:05,20.5,20.5,1004.0,57.4,57.4,0,2.4,8,-2.8,2,0,0,1,0,0,0,0,0,0,0,0,0
123731,3,2015-03-01 00:08:05,20.6,20.6,1004.0,56.7,56.7,0,1.3,351,-5.8,2,0,0,1,0,0,0,0,0,0,0,0,0
123732,3,2015-03-01 00:13:05,20.7,20.7,1004.0,56.5,56.5,0,1.3,278,-8.2,2,0,0,1,0,0,0,0,0,0,0,0,0
123733,3,2015-03-01 00:18:05,20.6,20.6,1003.8,56.7,56.7,0,3.7,296,-13.8,2,0,0,1,0,0,0,0,0,0,0,0,0
123734,3,2015-03-01 00:23:06,20.7,20.7,1003.9,56.4,56.4,0,2.3,336,-10.5,2,0,0,1,0,0,0,0,0,0,0,0,0
123735,3,2015-03-01 00:28:06,21.3,21.3,1004.0,55.0,55.0,0,1.8,328,-10.4,2,0,0,1,0,0,0,0,0,0,0,0,0
123736,3,2015-03-01 00:33:06,21.8,21.8,1004.0,52.6,52.6,0,4.6,319,-11.1,2,0,0,1,0,0,0,0,0,0,0,0,0
123737,3,2015-03-01 00:38:07,22.0,22.0,1004.1,52.2,52.2,0,4.1,314,-9.7,2,0,0,1,0,0,0,0,0,0,0,0,0
123738,3,2015-03-01 00:43:07,22.6,22.6,1004.0,50.7,50.7,0,1.9,279,-8.9,2,0,0,1,0,0,0,0,0,0,0,0,0
123739,3,2015-03-01 00:48:09,22.7,22.7,1003.7,50.9,50.9,0,1.8,269,-3.0,2,0,0,1,0,0,0,0,0,0,0,0,0
123740,3,2015-03-01 00:53:09,23.1,23.1,1003.6,50.7,50.7,0,1.7,301,-11.6,2,0,0,1,0,0,0,0,0,0,0,0,0
123741,3,2015-03-01 00:58:09,22.9,22.9,1003.5,50.4,50.4,0,1.9,276,-7.0,2,0,0,1,0,0,0,0,0,0,0,0,0
123742,3,2015-03-01 01:03:09,23.2,23.2,1003.5,49.5,49.5,0,2.2,267,0.0,2,0,0,1,0,0,0,0,0,0,0,0,0
123743,3,2015-03-01 01:08:11,23.6,23.6,1003.6,48.3,48.3,0,2.0,299,-5.1,2,0,0,1,0,0,0,0,0,0,0,0,0
123744,3,2015-03-01 01:13:11,23.1,23.1,1003.5,49.6,49.6,0,2.4,296,-6.8,2,0,0,1,0,0,0,0,0,0,0,0,0
123745,3,2015-03-01 01:18:12,22.9,22.9,1003.5,49.9,49.9,0,3.9,322,-6.2,2,0,0,1,0,0,0,0,0,0,0,0,0
123746,3,2015-03-01 01:23:13,22.9,22.9,1004.0,50.2,50.2,0,1.0,334,-2.8,2,0,0,1,0,0,0,0,0,0,0,0,0
123747,3,2015-03-01 01:28:13,22.7,22.7,1005.1,51.3,51.3,1,3.2,52,-12.4,2,0,0,1,0,0,0,0,0,0,0,0,0
123748,3,2015-03-01 01:33:15,22.0,22.0,1005.8,59.2,59.2,1,4.6,65,-35.3,2,0,0,1,0,0,0,0,0,0,0,0,0
123749,3,2015-03-01 01:38:15,20.1,20.1,1005.7,69.0,69.0,1,2.3,23,-36.9,2,0,0,1,0,0,0,0,0,0,0,0,0
123750,3,2015-03-01 01:43:15,18.1,18.1,1004.8,79.9,79.9,1,3.8,346,-51.0,2,0,0,1,0,0,0,0,0,0,0,0,0
123751,3,2015-03-01 01:48:15,17.1,17.1,1004.3,85.7,85.7,1,1.8,350,-24.6,2,0,0,1,0,0,0,0,0,0,0,0,0
123752,3,2015-03-01 01:53:15,16.9,16.9,1004.4,87.9,87.9,1,1.9,9,-23.8,2,0,0,1,0,0,0,0,0,0,0,0,0
123753,3,2015-03-01 01:58:16,17.0,17.0,1004.3,89.0,89.0,1,2.4,308,-37.6,2,0,0,1,0,0,0,0,0,0,0,0,0
123754,3,2015-03-01 02:03:17,17.1,17.1,1004.1,89.1,89.1,1,1.5,332,-3.8,2,0,0,1,0,0,0,0,0,0,0,0,0
123755,3,2015-03-01 02:07:27,17.1,17.1,1004.1,89.1,89.1,1,1.3,282,-6.8,2,0,0,1,0,0,0,0,0,0,0,0,0
123756,3,2015-03-01 02:12:28,17.2,17.2,1004.1,89.6,89.6,1,1.4,284,5.9,2,0,0,1,0,0,0,0,0,0,0,0,0
123757,3,2015-03-01 02:17:30,17.4,17.4,1004.9,89.7,89.7,1,1.7,243,-17.9,2,0,0,1,0,0,0,0,0,0,0,0,0
123758,3,2015-03-01 02:22:31,17.4,17.4,1005.3,89.4,89.4,1,1.5,165,-7.7,2,0,0,1,0,0,0,0,0,0,0,0,0
123759,3,2015-03-01 02:27:32,17.4,17.4,1004.9,89.7,89.7,1,0.6,132,-13.1,2,0,0,1,0,0,0,0,0,0,0,0,0
123760,3,2015-03-01 02:32:34,17.5,17.5,1004.6,89.8,89.8,1,0.8,240,-9.4,2,0,0,1,0,0,0,0,0,0,0,0,0
123761,3,2015-03-01 02:37:35,17.6,17.6,1004.7,90.4,90.4,1,1.3,318,-23.5,2,0,0,1,0,0,0,0,0,0,0,0,0
123762,3,2015-03-01 02:42:36,17.8,17.8,1004.3,91.0,91.0,1,2.2,279,-22.5,2,0,0,1,0,0,0,0,0,0,0,0,0
123763,3,2015-03-01 02:47:38,18.0,18.0,1004.0,91.3,91.3,1,3.7,278,-25.1,2,0,0,1,0,0,0,0,0,0,0,0,0
123764,3,2015-03-01 02:52:32,18.3,18.3,1003.8,91.5,91.5,1,2.9,295,0.0,2,0,0,1,0,0,0,0,0,0,0,0,0
123765,3,2015-03-01 02:57:32,18.5,18.5,1003.7,91.3,91.3,1,1.7,319,-10.8,2,0,0,1,0,0,0,0,0,0,0,0,0
123766,3,2015-03-01 03:02:33,18.7,18.7,1003.6,91.4,91.4,0,1.2,308,3.4,2,0,0,1,0,0,0,0,0,0,0,0,0
123767,3,2015-03-01 03:07:34,18.8,18.8,1003.4,91.1,91.1,0,0.9,280,1.8,2,0,0,1,0,0,0,0,0,0,0,0,0
123768,3,2015-03-01 03:12:35,18.8,18.8,1003.5,91.0,91.0,0,1.7,47,-0.5,2,0,0,1,0,0,0,0,0,0,0,0,0
123769,3,2015-03-01 03:17:35,18.9,18.9,1003.5,91.0,91.0,0,1.7,15,-0.3,2,0,0,1,0,0,0,0,0,0,0,0,0
123770,3,2015-03-01 03:22:36,18.9,18.9,1003.5,91.0,91.0,0,0.4,282,0.1,2,0,0,1,0,0,0,0,0,0,0,0,0
123771,3,2015-03-01 03:27:36,19.0,19.0,1003.5,91.0,91.0,1,0.7,2,-1.6,2,0,0,1,0,0,0,0,0,0,0,0,0
123772,3,2015-03-01 03:32:37,19.1,19.1,1003.3,91.2,91.2,1,2.9,244,-17.9,2,0,0,1,0,0,0,0,0,0,0,0,0
123773,3,2015-03-01 03:37:37,19.6,19.6,1003.1,91.7,91.7,0,3.0,249,-13.7,2,0,0,1,0,0,0,0,0,0,0,0,0
123774,3,2015-03-01 03:42:38,19.7,19.7,1003.3,91.1,91.1,1,1.7,239,7.7,2,0,0,1,0,0,0,0,0,0,0,0,0
123775,3,2015-03-01 03:47:38,19.7,19.7,1003.4,90.9,90.9,1,1.7,307,-3.0,2,0,0,1,0,0,0,0,0,0,0,0,0
123776,3,2015-03-01 03:52:39,19.8,19.8,1003.5,91.0,91.0,1,1.4,262,-29.0,2,0,0,1,0,0,0,0,0,0,0,0,0
123777,3,2015-03-01 03:57:39,19.7,19.7,1003.4,90.8,90.8,1,3.0,231,-6.0,2,0,0,1,0,0,0,0,0,0,0,0,0
123778,3,2015-03-01 04:02:40,19.7,19.7,1003.4,90.4,90.4,1,0.6,281,7.5,2,0,0,1,0,0,0,0,0,0,0,0,0
123779,3,2015-03-01 04:07:24,19.9,19.9,1003.2,90.7,90.7,1,0.9,347,5.3,2,0,0,1,0,0,0,0,0,0,0,0,0
123780,3,2015-03-01 04:12:27,20.3,20.3,1003.1,90.6,90.6,0,2.6,346,2.8,2,0,0,1,0,0,0,0,0,0,0,0,0
123781,3,2015-03-01 04:17:28,20.5,20.5,1002.8,89.9,89.9,0,1.6,5,-0.4,2,0,0,1,0,0,0,0,0,0,0,0,0
123782,3,2015-03-01 04:22:29,21.1,21.1,1002.7,89.6,89.6,0,2.3,356,-6.4,2,0,0,1,0,0,0,0,0,0,0,0,0
123783,3,2015-03-01 04:27:30,21.3,21.3,1002.6,87.8,87.8,0,2.5,335,-11.0,2,0,0,1,0,0,0,0,0,0,0,0,0
123784,3,2015-03-01 04:32:30,21.6,21.6,1002.7,86.8,86.8,0,2.6,26,-6.1,2,0,0,1,0,0,0,0,0,0,0,0,0
123785,3,2015-03-01 04:37:31,21.7,21.7,1002.7,84.4,84.4,0,2.4,345,-0.4,2,0,0,1,0,0,0,0,0,0,0,0,0
123786,3,2015-03-01 04:42:33,22.6,22.6,1002.5,86.5,86.5,0,2.8,354,-8.6,2,0,0,1,0,0,0,0,0,0,0,0,0
123787,3,2015-03-01 04:47:33,23.2,23.2,1002.4,83.0,83.0,0,2.3,335,-7.0,2,0,0,1,0,0,0,0,0,0,0,0,0
123788,3,2015-03-01 04:52:35,23.2,23.2,1002.4,82.9,82.9,0,1.0,360,-4.8,2,0,0,1,0,0,0,0,0,0,0,0,0
123789,3,2015-03-01 04:57:35,23.3,23.3,1002.4,79.9,79.9,0,2.2,333,-8.7,2,0,0,1,0,0,0,0,0,0,0,0,0
123790,3,2015-03-01 05:02:36,23.6,23.6,1002.3,81.9,81.9,0,1.8,314,-1.1,2,0,0,1,0,0,0,0,0,0,0,0,0
123791,3,2015-03-01 05:07:38,23.6,23.6,1002.2,79.8,79.8,0,1.0,41,-9.9,2,0,0,1,0,0,0,0,0,0,0,0,0
123792,3,2015-03-01 05:12:38,24.0,24.0,1002.2,79.0,79.0,0,1.2,340,-5.4,2,0,0,1,0,0,0,0,0,0,0,0,0
123793,3,2015-03-01 05:17:40,24.1,24.1,1002.0,76.9,76.9,0,0.3,290,-5.2,2,0,0,1,0,0,0,0,0,0,0,0,0
123794,3,2015-03-01 05:22:41,24.4,24.4,1001.9,77.1,77.1,0,2.7,31,-11.4,2,0,0,1,0,0,0,0,0,0,0,0,0
123795,3,2015-03-01 05:27:42,24.7,24.7,1002.0,75.5,75.5,0,1.8,340,-6.4,2,0,0,1,0,0,0,0,0,0,0,0,0
123796,3,2015-03-01 05:32:43,24.6,24.6,1002.0,76.4,76.4,0,2.6,344,-7.8,2,0,0,1,0,0,0,0,0,0,0,0,0
123797,3,2015-03-01 05:37:44,25.0,25.0,1001.9,73.8,73.8,0,1.6,32,-7.0,2,0,0,1,0,0,0,0,0,0,0,0,0
123798,3,2015-03-01 05:42:46,25.4,25.4,1001.9,71.6,71.6,0,1.8,297,-9.8,2,0,0,1,0,0,0,0,0,0,0,0,0
123799,3,2015-03-01 05:47:46,25.3,25.3,1001.8,69.9,69.9,0,3.2,31,-10.3,2,0,0,1,0,0,0,0,0,0,0,0,0
123800,3,2015-03-01 05:52:47,25.7,25.7,1001.7,70.2,70.2,0,2.0,23,-9.8,2,0,0,1,0,0,0,0,0,0,0,0,0
123801,3,2015-03-01 05:57:48,26.3,26.3,1001.7,68.4,68.4,0,2.4,40,-8.2,2,0,0,1,0,0,0,0,0,0,0,0,0
123802,3,2015-03-01 06:02:48,26.3,26.3,1001.7,66.3,66.3,0,1.5,281,-7.5,2,0,0,1,0,0,0,0,0,0,0,0,0
123803,3,2015-03-01 06:07:49,26.8,26.8,1001.6,63.6,63.6,0,1.8,359,-5.0,2,0,0,1,0,0,0,0,0,0,0,0,0
123804,3,2015-03-01 06:12:49,27.3,27.3,1001.5,63.5,63.5,0,1.4,346,-7.8,2,0,0,1,0,0,0,0,0,0,0,0,0
123805,3,2015-03-01 06:17:50,27.1,27.1,1001.4,60.4,60.4,0,1.4,287,-8.8,2,0,0,1,0,0,0,0,0,0,0,0,0
123806,3,2015-03-01 06:22:51,26.9,26.9,1001.3,60.7,60.7,0,1.4,333,-5.2,2,0,0,1,0,0,0,0,0,0,0,0,0
123807,3,2015-03-01 06:27:52,27.4,27.4,1001.2,58.3,58.3,0,3.5,44,-8.7,2,0,0,1,0,0,0,0,0,0,0,0,0
123808,3,2015-03-01 06:32:53,27.5,27.5,1001.2,58.9,58.9,0,2.3,4,-4.5,2,0,0,1,0,0,0,0,0,0,0,0,0
123809,3,2015-03-01 06:37:54,27.3,27.3,1001.2,59.1,59.1,0,0.6,24,-3.7,2,0,0,1,0,0,0,0,0,0,0,0,0
123810,3,2015-03-01 06:42:54,27.6,27.6,1001.1,57.2,57.2,0,3.4,44,-6.6,2,0,0,1,0,0,0,0,0,0,0,0,0
123811,3,2015-03-01 06:47:55,27.6,27.6,1001.1,54.0,54.0,0,2.8,23,-7.4,2,0,0,1,0,0,0,0,0,0,0,0,0
123812,3,2015-03-01 06:52:56,27.6,27.6,1001.2,53.7,53.7,0,1.6,32,-4.6,2,0,0,1,0,0,0,0,0,0,0,0,0
123813,3,2015-03-01 06:57:56,27.4,27.4,1001.2,53.2,53.2,0,1.9,51,-8.4,2,0,0,1,0,0,0,0,0,0,0,0,0
123814,3,2015-03-01 07:02:57,27.3,27.3,1001.2,54.6,54.6,0,2.7,37,-6.3,2,0,0,1,0,0,0,0,0,0,0,0,0
123815,3,2015-03-01 07:07:57,27.3,27.3,1001.2,53.8,53.8,0,1.9,45,-7.3,2,0,0,1,0,0,0,0,0,0,0,0,0
123816,3,2015-03-01 07:12:58,27.4,27.4,1001.2,54.8,54.8,0,2.4,52,-7.4,2,0,0,1,0,0,0,0,0,0,0,0,0
123817,3,2015-03-01 07:17:58,27.4,27.4,1001.3,54.0,54.0,0,3.0,39,-6.7,2,0,0,1,0,0,0,0,0,0,0,0,0
123818,3,2015-03-01 07:23:00,27.1,27.1,1001.2,51.9,51.9,0,2.8,31,-6.8,2,0,0,1,0,0,0,0,0,0,0,0,0
123819,3,2015-03-01 07:28:01,26.8,26.8,1001.2,51.2,51.2,0,3.7,7,-7.9,2,0,0,1,0,0,0,0,0,0,0,0,0
123820,3,2015-03-01 07:33:03,26.4,26.4,1001.2,48.0,48.0,0,4.4,34,-8.8,2,0,0,1,0,0,0,0,0,0,0,0,0
123821,3,2015-03-01 07:38:04,26.2,26.2,1001.3,48.7,48.7,0,2.6,11,-6.6,2,0,0,1,0,0,0,0,0,0,0,0,0
123822,3,2015-03-01 07:43:06,26.1,26.1,1001.3,49.4,49.4,0,3.3,33,-6.4,2,0,0,1,0,0,0,0,0,0,0,0,0
123823,3,2015-03-01 07:48:06,25.9,25.9,1001.3,48.4,48.4,0,2.8,20,-7.5,2,0,0,1,0,0,0,0,0,0,0,0,0
123824,3,2015-03-01 07:53:07,25.9,25.9,1001.3,48.2,48.2,0,3.6,6,-9.1,2,0,0,1,0,0,0,0,0,0,0,0,0
123825,3,2015-03-01 07:58:09,26.0,26.0,1001.2,48.8,48.8,0,3.9,63,-8.6,2,0,0,1,0,0,0,0,0,0,0,0,0
123826,3,2015-03-01 08:03:09,25.9,25.9,1001.2,47.4,47.4,0,2.3,27,-13.0,2,0,0,1,0,0,0,0,0,0,0,0,0
123827,3,2015-03-01 08:08:10,25.7,25.7,1001.2,50.7,50.7,0,1.4,50,-11.4,2,0,0,1,0,0,0,0,0,0,0,0,0
123828,3,2015-03-01 08:13:12,25.5,25.5,1001.3,51.3,51.3,0,1.8,50,-10.2,2,0,0,1,0,0,0,0,0,0,0,0,0
123829,3,2015-03-01 08:18:12,25.2,25.2,1001.3,50.7,50.7,0,5.0,15,-9.4,2,0,0,1,0,0,0,0,0,0,0,0,0
123830,3,2015-03-01 08:23:13,25.0,25.0,1001.3,51.7,51.7,0,4.0,27,-9.2,2,0,0,1,0,0,0,0,0,0,0,0,0
123831,3,2015-03-01 08:28:14,24.7,24.7,1001.3,52.9,52.9,0,3.9,27,-7.0,2,0,0,1,0,0,0,0,0,0,0,0,0
123832,3,2015-03-01 08:33:14,24.4,24.4,1001.3,55.4,55.4,0,2.5,43,-7.8,2,0,0,1,0,0,0,0,0,0,0,0,0
123833,3,2015-03-01 08:38:15,24.1,24.1,1001.3,57.4,57.4,0,1.1,18,-8.0,2,0,0,1,0,0,0,0,0,0,0,0,0
123834,3,2015-03-01 08:43:15,23.9,23.9,1001.3,56.8,56.8,0,3.9,352,-8.2,2,0,0,1,0,0,0,0,0,0,0,0,0
123835,3,2015-03-01 08:48:15,23.7,23.7,1001.3,58.6,58.6,0,1.5,36,-5.8,2,0,0,1,0,0,0,0,0,0,0,0,0
123836,3,2015-03-01 08:53:16,23.6,23.6,1001.3,59.7,59.7,0,3.3,39,-7.2,2,0,0,1,0,0,0,0,0,0,0,0,0
123837,3,2015-03-01 08:58:16,23.5,23.5,1001.3,60.1,60.1,0,4.1,26,-7.7,2,0,0,1,0,0,0,0,0,0,0,0,0
123838,3,2015-03-01 09:03:18,23.5,23.5,1001.3,59.8,59.8,0,4.2,43,-9.2,2,0,0,1,0,0,0,0,0,0,0,0,0
123839,3,2015-03-01 09:08:18,23.5,23.5,1001.3,60.5,60.5,0,4.5,32,-9.6,2,0,0,1,0,0,0,0,0,0,0,0,0
123840,3,2015-03-01 09:13:20,23.5,23.5,1001.4,59.7,59.7,0,3.7,12,-7.5,2,0,0,1,0,0,0,0,0,0,0,0,0
123841,3,2015-03-01 09:18:22,23.3,23.3,1001.4,58.9,58.9,0,1.7,64,-8.4,2,0,0,1,0,0,0,0,0,0,0,0,0
123842,3,2015-03-01 09:23:23,23.2,23.2,1001.5,61.1,61.1,0,2.4,58,-6.5,2,0,0,1,0,0,0,0,0,0,0,0,0
123843,3,2015-03-01 09:28:24,23.2,23.2,1001.6,60.9,60.9,0,4.8,38,-5.9,2,0,0,1,0,0,0,0,0,0,0,0,0
123844,3,2015-03-01 09:33:24,23.1,23.1,1001.6,61.6,61.6,0,3.6,19,-8.2,2,0,0,1,0,0,0,0,0,0,0,0,0
123845,3,2015-03-01 09:38:26,23.1,23.1,1001.6,61.1,61.1,0,4.2,39,-6.9,2,0,0,1,0,0,0,0,0,0,0,0,0
123846,3,2015-03-01 09:43:26,23.3,23.3,1001.6,60.5,60.5,0,2.2,11,-6.0,2,0,0,1,0,0,0,0,0,0,0,0,0
123847,3,2015-03-01 09:48:28,23.3,23.3,1001.5,60.4,60.4,0,1.9,23,-8.1,2,0,0,1,0,0,0,0,0,0,0,0,0
123848,3,2015-03-01 09:53:29,23.2,23.2,1001.5,61.9,61.9,0,3.6,26,-7.6,2,0,0,1,0,0,0,0,0,0,0,0,0
123849,3,2015-03-01 09:58:30,23.1,23.1,1001.5,62.4,62.4,0,2.3,34,-8.4,2,0,0,1,0,0,0,0,0,0,0,0,0
123850,3,2015-03-01 10:03:31,23.0,23.0,1001.5,62.8,62.8,0,3.5,32,-11.0,2,0,0,1,0,0,0,0,0,0,0,0,0
123851,3,2015-03-01 10:08:32,22.9,22.9,1001.4,63.4,63.4,0,2.6,22,-9.8,2,0,0,1,0,0,0,0,0,0,0,0,0
123852,3,2015-03-01 10:13:33,22.8,22.8,1001.5,64.3,64.3,0,1.2,34,-13.7,2,0,0,1,0,0,0,0,0,0,0,0,0
123853,3,2015-03-01 10:18:34,22.6,22.6,1001.4,64.6,64.6,0,4.8,34,-17.0,2,0,0,1,0,0,0,0,0,0,0,0,0
123854,3,2015-03-01 10:23:35,22.5,22.5,1001.6,65.2,65.2,0,3.5,20,-18.6,2,0,0,1,0,0,0,0,0,0,0,0,0
123855,3,2015-03-01 10:28:36,22.4,22.4,1001.6,65.8,65.8,0,2.2,7,-16.8,2,0,0,1,0,0,0,0,0,0,0,0,0
123856,3,2015-03-01 10:33:36,22.3,22.3,1001.7,66.4,66.4,0,2.0,80,-14.0,2,0,0,1,0,0,0,0,0,0,0,0,0
123857,3,2015-03-01 10:38:37,22.2,22.2,1001.7,67.1,67.1,0,2.4,34,-11.7,2,0,0,1,0,0,0,0,0,0,0,0,0
123858,3,2015-03-01 10:43:38,22.2,22.2,1001.5,67.6,67.6,0,1.7,360,-11.3,2,0,0,1,0,0,0,0,0,0,0,0,0
123859,3,2015-03-01 10:48:39,22.1,22.1,1001.7,68.1,68.1,0,3.2,15,-10.1,2,0,0,1,0,0,0,0,0,0,0,0,0
123860,3,2015-03-01 10:53:40,22.1,22.1,1001.7,68.5,68.5,0,0.2,12,-10.3,2,0,0,1,0,0,0,0,0,0,0,0,0
123861,3,2015-03-01 10:58:41,22.0,22.0,1001.7,69.1,69.1,0,1.5,16,-13.5,2,0,0,1,0,0,0,0,0,0,0,0,0
123862,3,2015-03-01 11:03:42,22.0,22.0,1001.7,69.8,69.8,0,3.2,26,-16.3,2,0,0,1,0,0,0,0,0,0,0,0,0
123863,3,2015-03-01 11:08:43,21.9,21.9,1001.6,70.3,70.3,0,4.7,48,-17.6,2,0,0,1,0,0,0,0,0,0,0,0,0
123864,3,2015-03-01 11:13:44,21.9,21.9,1001.7,70.7,70.7,0,1.8,13,-15.3,2,0,0,1,0,0,0,0,0,0,0,0,0
123865,3,2015-03-01 11:18:45,21.8,21.8,1001.8,71.4,71.4,0,1.6,31,-13.4,2,0,0,1,0,0,0,0,0,0,0,0,0
123866,3,2015-03-01 11:23:45,21.8,21.8,1001.9,72.0,72.0,0,1.0,349,-10.3,2,0,0,1,0,0,0,0,0,0,0,0,0
123867,3,2015-03-01 11:28:46,21.7,21.7,1002.0,72.3,72.3,0,2.0,29,-8.3,2,0,0,1,0,0,0,0,0,0,0,0,0
123868,3,2015-03-01 11:33:47,21.8,21.8,1002.2,72.4,72.4,0,2.1,37,-8.9,2,0,0,1,0,0,0,0,0,0,0,0,0
123869,3,2015-03-01 11:38:49,21.9,21.9,1002.3,72.4,72.4,0,1.6,23,-14.4,2,0,0,1,0,0,0,0,0,0,0,0,0
123870,3,2015-03-01 11:43:49,21.9,21.9,1002.3,72.6,72.6,0,2.6,331,-13.6,2,0,0,1,0,0,0,0,0,0,0,0,0
123871,3,2015-03-01 11:48:49,21.9,21.9,1002.4,72.8,72.8,0,1.6,19,-7.2,2,0,0,1,0,0,0,0,0,0,0,0,0
123872,3,2015-03-01 11:53:50,21.9,21.9,1002.5,73.0,73.0,0,1.0,31,-8.7,2,0,0,1,0,0,0,0,0,0,0,0,0
123873,3,2015-03-01 11:58:52,21.9,21.9,1002.6,73.1,73.1,0,2.3,15,-10.4,2,0,0,1,0,0,0,0,0,0,0,0,0
123874,3,2015-03-01 12:03:53,21.9,21.9,1002.5,73.0,73.0,0,0.9,39,-12.5,2,0,0,1,0,0,0,0,0,0,0,0,0
123875,3,2015-03-01 12:08:55,21.9,21.9,1002.6,73.2,73.2,0,1.5,5,-13.2,2,0,0,1,0,0,0,0,0,0,0,0,0
123876,3,2015-03-01 12:13:55,22.0,22.0,1002.6,73.2,73.2,0,1.1,14,-14.1,2,0,0,1,0,0,0,0,0,0,0,0,0
123877,3,2015-03-01 12:18:55,21.9,21.9,1002.5,73.5,73.5,0,1.7,30,-12.2,2,0,0,1,0,0,0,0,0,0,0,0,0
123878,3,2015-03-01 12:23:57,22.0,22.0,1002.5,73.4,73.4,0,1.6,14,-11.2,2,0,0,1,0,0,0,0,0,0,0,0,0
123879,3,2015-03-01 12:28:59,22.0,22.0,1002.7,73.5,73.5,0,1.1,45,-11.1,2,0,0,1,0,0,0,0,0,0,0,0,0
123880,3,2015-03-01 12:34:00,21.9,21.9,1002.7,73.7,73.7,0,3.1,21,-10.0,2,0,0,1,0,0,0,0,0,0,0,0,0
123881,3,2015-03-01 12:39:00,22.0,22.0,1002.8,73.5,73.5,0,1.9,39,-12.4,2,0,0,1,0,0,0,0,0,0,0,0,0
123882,3,2015-03-01 12:44:01,22.0,22.0,1002.8,73.3,73.3,0,1.8,29,-9.5,2,0,0,1,0,0,0,0,0,0,0,0,0
123883,3,2015-03-01 12:49:01,22.0,22.0,1002.9,73.3,73.3,0,0.6,336,-5.5,2,0,0,1,0,0,0,0,0,0,0,0,0
123884,3,2015-03-01 12:54:02,22.0,22.0,1002.9,73.2,73.2,0,1.9,17,-9.2,2,0,0,1,0,0,0,0,0,0,0,0,0
123885,3,2015-03-01 12:59:04,22.1,22.1,1003.1,72.9,72.9,0,0.5,22,-6.2,2,0,0,1,0,0,0,0,0,0,0,0,0
123886,3,2015-03-01 13:04:05,22.1,22.1,1003.2,73.0,73.0,0,0.7,336,-5.7,2,0,0,1,0,0,0,0,0,0,0,0,0
123887,3,2015-03-01 13:09:06,22.0,22.0,1003.2,73.3,73.3,0,1.4,1,-7.2,2,0,0,1,0,0,0,0,0,0,0,0,0
123888,3,2015-03-01 13:14:07,22.0,22.0,1003.2,73.4,73.4,0,0.4,328,-5.7,2,0,0,1,0,0,0,0,0,0,0,0,0
123889,3,2015-03-01 13:19:08,22.0,22.0,1003.0,73.7,73.7,0,0.2,53,-6.9,2,0,0,1,0,0,0,0,0,0,0,0,0
123890,3,2015-03-01 13:24:09,21.9,21.9,1003.1,73.9,73.9,0,0.9,71,-6.6,2,0,0,1,0,0,0,0,0,0,0,0,0
123891,3,2015-03-01 13:29:11,21.9,21.9,1003.0,74.6,74.6,0,0.6,55,-5.6,2,0,0,1,0,0,0,0,0,0,0,0,0
123892,3,2015-03-01 13:34:12,21.8,21.8,1003.1,75.0,75.0,0,0.2,3,-6.6,2,0,0,1,0,0,0,0,0,0,0,0,0
123893,3,2015-03-01 13:39:12,21.7,21.7,1003.1,75.5,75.5,0,0.4,320,-8.8,2,0,0,1,0,0,0,0,0,0,0,0,0
123894,3,2015-03-01 13:44:14,21.6,21.6,1003.1,75.9,75.9,0,0.1,350,-11.7,2,0,0,1,0,0,0,0,0,0,0,0,0
123895,3,2015-03-01 13:49:14,21.5,21.5,1003.3,76.8,76.8,0,0.4,236,-10.8,2,0,0,1,0,0,0,0,0,0,0,0,0
123896,3,2015-03-01 13:54:15,21.4,21.4,1003.3,77.2,77.2,0,0.5,247,-10.9,2,0,0,1,0,0,0,0,0,0,0,0,0
123897,3,2015-03-01 13:59:16,21.3,21.3,1003.4,77.6,77.6,0,0.6,282,-13.3,2,0,0,1,0,0,0,0,0,0,0,0,0
123898,3,2015-03-01 14:04:17,21.1,21.1,1003.3,78.1,78.1,0,0.6,275,-13.5,2,0,0,1,0,0,0,0,0,0,0,0,0
123899,3,2015-03-01 14:09:17,21.1,21.1,1003.3,78.3,78.3,0,0.9,291,-14.1,2,0,0,1,0,0,0,0,0,0,0,0,0
123900,3,2015-03-01 14:14:19,21.0,21.0,1003.2,78.6,78.6,0,0.9,278,-12.8,2,0,0,1,0,0,0,0,0,0,0,0,0
123901,3,2015-03-01 14:19:20,20.9,20.9,1003.3,78.8,78.8,0,1.1,267,-9.4,2,0,0,1,0,0,0,0,0,0,0,0,0
123902,3,2015-03-01 14:24:22,20.9,20.9,1003.4,78.8,78.8,0,0.7,267,-12.3,2,0,0,1,0,0,0,0,0,0,0,0,0
123903,3,2015-03-01 14:29:23,20.9,20.9,1003.3,79.2,79.2,0,0.2,258,-11.2,2,0,0,1,0,0,0,0,0,0,0,0,0
123904,3,2015-03-01 14:34:23,20.8,20.8,1003.4,79.6,79.6,0,1.1,286,-5.9,2,0,0,1,0,0,0,0,0,0,0,0,0
123905,3,2015-03-01 14:39:23,20.7,20.7,1003.4,80.0,80.0,0,0.7,277,-3.0,2,0,0,1,0,0,0,0,0,0,0,0,0
123906,3,2015-03-01 14:44:24,20.7,20.7,1003.5,80.2,80.2,0,0.8,256,-3.4,2,0,0,1,0,0,0,0,0,0,0,0,0
123907,3,2015-03-01 14:49:26,20.7,20.7,1003.5,80.1,80.1,0,1.2,282,-3.7,2,0,0,1,0,0,0,0,0,0,0,0,0
123908,3,2015-03-01 14:54:27,20.8,20.8,1003.5,80.0,80.0,0,0.7,301,-4.1,2,0,0,1,0,0,0,0,0,0,0,0,0
123909,3,2015-03-01 14:59:28,20.8,20.8,1003.6,80.1,80.1,0,0.6,325,-3.2,2,0,0,1,0,0,0,0,0,0,0,0,0
123910,3,2015-03-01 15:04:29,20.8,20.8,1003.6,80.2,80.2,0,1.7,304,-4.4,2,0,0,1,0,0,0,0,0,0,0,0,0
123911,3,2015-03-01 15:09:31,20.8,20.8,1003.7,79.9,79.9,0,1.5,273,-4.0,2,0,0,1,0,0,0,0,0,0,0,0,0
123912,3,2015-03-01 15:14:32,20.9,20.9,1003.8,78.3,78.3,0,0.7,313,-2.2,2,0,0,1,0,0,0,0,0,0,0,0,0
123913,3,2015-03-01 15:19:33,21.1,21.1,1003.7,76.1,76.1,0,1.1,309,-2.3,2,0,0,1,0,0,0,0,0,0,0,0,0
123914,3,2015-03-01 15:24:33,21.4,21.4,1003.7,74.3,74.3,0,1.7,269,-5.1,2,0,0,1,0,0,0,0,0,0,0,0,0
123915,3,2015-03-01 15:29:33,21.5,21.5,1003.8,73.9,73.9,0,1.4,255,-9.1,2,0,0,1,0,0,0,0,0,0,0,0,0
123916,3,2015-03-01 15:34:35,21.6,21.6,1003.9,73.5,73.5,0,1.1,289,-11.1,2,0,0,1,0,0,0,0,0,0,0,0,0
123917,3,2015-03-01 15:39:36,21.6,21.6,1004.0,73.4,73.4,0,2.3,296,-11.8,2,0,0,1,0,0,0,0,0,0,0,0,0
123918,3,2015-03-01 15:44:37,21.6,21.6,1003.9,73.0,73.0,0,1.2,316,-12.3,2,0,0,1,0,0,0,0,0,0,0,0,0
123919,3,2015-03-01 15:49:38,21.6,21.6,1003.9,72.5,72.5,0,3.4,291,-14.1,2,0,0,1,0,0,0,0,0,0,0,0,0
123920,3,2015-03-01 15:54:39,21.8,21.8,1003.9,70.9,70.9,0,2.7,287,-15.1,2,0,0,1,0,0,0,0,0,0,0,0,0
123921,3,2015-03-01 15:59:41,21.8,21.8,1003.9,69.6,69.6,0,3.5,289,-14.8,2,0,0,1,0,0,0,0,0,0,0,0,0
123922,3,2015-03-01 16:04:43,22.0,22.0,1003.9,68.4,68.4,0,1.4,304,-15.0,2,0,0,1,0,0,0,0,0,0,0,0,0
123923,3,2015-03-01 16:09:44,21.8,21.8,1003.9,68.2,68.2,0,3.2,320,-16.1,2,0,0,1,0,0,0,0,0,0,0,0,0
123924,3,2015-03-01 16:14:45,21.8,21.8,1004.1,67.8,67.8,0,3.3,292,-16.5,2,0,0,1,0,0,0,0,0,0,0,0,0
123925,3,2015-03-01 16:19:46,21.7,21.7,1004.2,67.2,67.2,0,3.1,342,-13.8,2,0,0,1,0,0,0,0,0,0,0,0,0
123926,3,2015-03-01 16:24:46,21.7,21.7,1004.2,67.9,67.9,0,3.1,343,-14.0,2,0,0,1,0,0,0,0,0,0,0,0,0
123927,3,2015-03-01 16:29:48,21.6,21.6,1004.2,67.2,67.2,0,3.4,304,-18.6,2,0,0,1,0,0,0,0,0,0,0,0,0
123928,3,2015-03-01 16:34:49,21.4,21.4,1004.3,67.0,67.0,0,2.6,288,-16.5,2,0,0,1,0,0,0,0,0,0,0,0,0
123929,3,2015-03-01 16:39:50,21.3,21.3,1004.2,65.8,65.8,0,2.4,283,-16.6,2,0,0,1,0,0,0,0,0,0,0,0,0
123930,3,2015-03-01 16:44:50,21.3,21.3,1004.2,66.0,66.0,0,2.8,310,-16.0,2,0,0,1,0,0,0,0,0,0,0,0,0
123931,3,2015-03-01 16:49:51,21.2,21.2,1004.2,65.4,65.4,0,3.5,307,-16.0,2,0,0,1,0,0,0,0,0,0,0,0,0
123932,3,2015-03-01 16:54:52,21.2,21.2,1004.2,64.6,64.6,0,3.2,277,-19.1,2,0,0,1,0,0,0,0,0,0,0,0,0
123933,3,2015-03-01 16:59:52,21.1,21.1,1004.2,64.2,64.2,0,4.0,282,-16.9,2,0,0,1,0,0,0,0,0,0,0,0,0
123934,3,2015-03-01 17:04:54,21.1,21.1,1004.3,64.6,64.6,0,3.5,340,-11.9,2,0,0,1,0,0,0,0,0,0,0,0,0
123935,3,2015-03-01 17:09:54,21.0,21.0,1004.3,65.1,65.1,0,2.6,321,-6.9,2,0,0,1,0,0,0,0,0,0,0,0,0
123936,3,2015-03-01 17:14:55,21.0,21.0,1004.2,64.8,64.8,0,2.3,316,-8.1,2,0,0,1,0,0,0,0,0,0,0,0,0
123937,3,2015-03-01 17:19:55,21.1,21.1,1004.2,64.5,64.5,0,2.2,311,-5.3,2,0,0,1,0,0,0,0,0,0,0,0,0
123938,3,2015-03-01 17:24:55,21.1,21.1,1004.2,64.4,64.4,0,2.6,274,-7.5,2,0,0,1,0,0,0,0,0,0,0,0,0
123939,3,2015-03-01 17:29:57,21.0,21.0,1004.2,64.6,64.6,0,2.7,291,-13.6,2,0,0,1,0,0,0,0,0,0,0,0,0
123940,3,2015-03-01 17:34:58,20.9,20.9,1004.2,64.6,64.6,0,3.1,312,-7.7,2,0,0,1,0,0,0,0,0,0,0,0,0
123941,3,2015-03-01 17:39:58,20.9,20.9,1004.3,65.0,65.0,0,4.0,313,-7.2,2,0,0,1,0,0,0,0,0,0,0,0,0
123942,3,2015-03-01 17:44:59,20.9,20.9,1004.3,65.2,65.2,0,3.0,308,-5.3,2,0,0,1,0,0,0,0,0,0,0,0,0
123943,3,2015-03-01 17:50:01,20.8,20.8,1004.2,65.2,65.2,0,2.4,298,-12.4,2,0,0,1,0,0,0,0,0,0,0,0,0
123944,3,2015-03-01 17:55:02,20.8,20.8,1004.1,65.4,65.4,0,4.0,290,-17.8,2,0,0,1,0,0,0,0,0,0,0,0,0
123945,3,2015-03-01 18:00:03,20.7,20.7,1004.3,65.8,65.8,0,3.6,302,-14.7,2,0,0,1,0,0,0,0,0,0,0,0,0
123946,3,2015-03-01 18:05:03,20.6,20.6,1004.3,66.3,66.3,0,3.3,289,-17.8,2,0,0,1,0,0,0,0,0,0,0,0,0
123947,3,2015-03-01 18:10:04,20.5,20.5,1004.3,66.5,66.5,0,2.4,290,-18.1,2,0,0,1,0,0,0,0,0,0,0,0,0
123948,3,2015-03-01 18:15:04,20.4,20.4,1004.3,66.6,66.6,0,2.0,332,-16.9,2,0,0,1,0,0,0,0,0,0,0,0,0
123949,3,2015-03-01 18:20:05,20.3,20.3,1004.5,66.9,66.9,0,1.8,292,-11.2,2,0,0,1,0,0,0,0,0,0,0,0,0
123950,3,2015-03-01 18:25:07,20.3,20.3,1004.4,67.4,67.4,0,2.3,259,-15.2,2,0,0,1,0,0,0,0,0,0,0,0,0
123951,3,2015-03-01 18:30:07,20.2,20.2,1004.5,67.6,67.6,0,1.7,333,-16.3,2,0,0,1,0,0,0,0,0,0,0,0,0
123952,3,2015-03-01 18:35:09,20.1,20.1,1004.6,67.9,67.9,0,1.2,306,-15.6,2,0,0,1,0,0,0,0,0,0,0,0,0
123953,3,2015-03-01 18:40:10,20.0,20.0,1004.5,68.3,68.3,0,2.0,325,-15.3,2,0,0,1,0,0,0,0,0,0,0,0,0
123954,3,2015-03-01 18:45:12,19.9,19.9,1004.4,68.9,68.9,0,2.0,323,-12.3,2,0,0,1,0,0,0,0,0,0,0,0,0
123955,3,2015-03-01 18:50:13,19.8,19.8,1004.3,69.4,69.4,0,2.1,295,-14.8,2,0,0,1,0,0,0,0,0,0,0,0,0
123956,3,2015-03-01 18:55:14,19.7,19.7,1004.2,69.7,69.7,0,3.2,320,-15.5,2,0,0,1,0,0,0,0,0,0,0,0,0
123957,3,2015-03-01 19:00:16,19.7,19.7,1004.3,70.0,70.0,0,1.7,310,-18.4,2,0,0,1,0,0,0,0,0,0,0,0,0
123958,3,2015-03-01 19:05:17,19.6,19.6,1004.3,70.4,70.4,0,1.1,316,-18.6,2,0,0,1,0,0,0,0,0,0,0,0,0
123959,3,2015-03-01 19:10:17,19.6,19.6,1004.3,70.7,70.7,0,1.9,346,-17.9,2,0,0,1,0,0,0,0,0,0,0,0,0
123960,3,2015-03-01 19:15:17,19.6,19.6,1004.5,70.8,70.8,0,1.5,322,-18.6,2,0,0,1,0,0,0,0,0,0,0,0,0
123961,3,2015-03-01 19:20:18,19.6,19.6,1004.5,70.9,70.9,0,1.2,265,-18.6,2,0,0,1,0,0,0,0,0,0,0,0,0
123962,3,2015-03-01 19:25:18,19.5,19.5,1004.4,71.4,71.4,0,0.4,301,-18.4,2,0,0,1,0,0,0,0,0,0,0,0,0
123963,3,2015-03-01 19:30:19,19.5,19.5,1004.4,71.5,71.5,0,1.0,334,-18.4,2,0,0,1,0,0,0,0,0,0,0,0,0
123964,3,2015-03-01 19:35:19,19.5,19.5,1004.4,71.6,71.6,0,2.0,298,-16.7,2,0,0,1,0,0,0,0,0,0,0,0,0
123965,3,2015-03-01 19:40:20,19.5,19.5,1004.5,71.6,71.6,0,1.5,297,-16.7,2,0,0,1,0,0,0,0,0,0,0,0,0
123966,3,2015-03-01 19:45:20,19.5,19.5,1004.5,71.9,71.9,0,1.5,302,-8.8,2,0,0,1,0,0,0,0,0,0,0,0,0
123967,3,2015-03-01 19:50:21,19.5,19.5,1004.7,71.8,71.8,0,1.6,300,-6.5,2,0,0,1,0,0,0,0,0,0,0,0,0
123968,3,2015-03-01 19:55:21,19.6,19.6,1004.8,71.5,71.5,0,3.4,275,-8.3,2,0,0,1,0,0,0,0,0,0,0,0,0
123969,3,2015-03-01 20:00:22,19.6,19.6,1004.8,71.1,71.1,0,3.3,291,-6.8,2,0,0,1,0,0,0,0,0,0,0,0,0
123970,3,2015-03-01 20:05:23,19.5,19.5,1004.8,71.2,71.2,0,2.8,277,-6.9,2,0,0,1,0,0,0,0,0,0,0,0,0
123971,3,2015-03-01 20:10:23,19.5,19.5,1005.0,71.3,71.3,0,0.8,341,-8.2,2,0,0,1,0,0,0,0,0,0,0,0,0
123972,3,2015-03-01 20:15:25,19.4,19.4,1005.1,71.4,71.4,0,0.8,357,-13.4,2,0,0,1,0,0,0,0,0,0,0,0,0
123973,3,2015-03-01 20:20:25,19.3,19.3,1005.1,71.8,71.8,0,3.4,338,-14.5,2,0,0,1,0,0,0,0,0,0,0,0,0
123974,3,2015-03-01 20:25:26,19.2,19.2,1005.1,72.3,72.3,0,3.4,334,-16.0,2,0,0,1,0,0,0,0,0,0,0,0,0
123975,3,2015-03-01 20:30:27,19.1,19.1,1005.1,72.8,72.8,0,2.7,321,-16.1,2,0,0,1,0,0,0,0,0,0,0,0,0
123976,3,2015-03-01 20:35:28,19.0,19.0,1005.1,73.1,73.1,0,1.2,350,-17.9,2,0,0,1,0,0,0,0,0,0,0,0,0
123977,3,2015-03-01 20:40:28,18.9,18.9,1005.1,73.6,73.6,0,1.4,330,-17.0,2,0,0,1,0,0,0,0,0,0,0,0,0
123978,3,2015-03-01 20:45:28,18.8,18.8,1005.1,73.9,73.9,0,1.8,4,-16.6,2,0,0,1,0,0,0,0,0,0,0,0,0
123979,3,2015-03-01 20:50:30,18.8,18.8,1005.2,74.1,74.1,0,1.8,342,-15.8,2,0,0,1,0,0,0,0,0,0,0,0,0
123980,3,2015-03-01 20:55:31,18.7,18.7,1005.4,74.5,74.5,0,2.2,325,-15.0,2,0,0,1,0,0,0,0,0,0,0,0,0
123981,3,2015-03-01 21:00:32,18.6,18.6,1005.5,74.5,74.5,0,0.9,273,-14.2,2,0,0,1,0,0,0,0,0,0,0,0,0
123982,3,2015-03-01 21:05:33,18.6,18.6,1005.6,74.6,74.6,0,1.4,307,-11.9,2,0,0,1,0,0,0,0,0,0,0,0,0
123984,3,2015-03-01 21:15:37,18.6,18.6,1005.7,74.4,74.4,0,2.9,322,-6.3,2,0,0,1,0,0,0,0,0,0,0,0,0
123985,3,2015-03-01 21:20:37,18.7,18.7,1005.7,73.9,73.9,0,2.2,353,-7.1,2,0,0,1,0,0,0,0,0,0,0,0,0
123986,3,2015-03-01 21:25:39,18.8,18.8,1005.6,73.4,73.4,0,0.7,340,-8.9,2,0,0,1,0,0,0,0,0,0,0,0,0
123987,3,2015-03-01 21:30:40,18.9,18.9,1005.7,73.1,73.1,0,2.4,334,-10.5,2,0,0,1,0,0,0,0,0,0,0,0,0
123988,3,2015-03-01 21:35:41,18.9,18.9,1005.7,72.6,72.6,0,2.4,345,-11.1,2,0,0,1,0,0,0,0,0,0,0,0,0
123989,3,2015-03-01 21:40:42,19.0,19.0,1005.9,72.4,72.4,0,3.2,336,-10.1,2,0,0,1,0,0,0,0,0,0,0,0,0
123990,3,2015-03-01 21:45:44,19.0,19.0,1005.9,72.0,72.0,0,3.7,315,-8.7,2,0,0,1,0,0,0,0,0,0,0,0,0
123991,3,2015-03-01 21:50:44,19.0,19.0,1006.0,71.6,71.6,0,2.9,342,-7.1,2,0,0,1,0,0,0,0,0,0,0,0,0
123992,3,2015-03-01 21:55:45,19.1,19.1,1005.9,71.2,71.2,0,1.4,358,-8.1,2,0,0,1,0,0,0,0,0,0,0,0,0
123993,3,2015-03-01 22:00:47,19.1,19.1,1005.9,70.6,70.6,0,1.8,313,-8.3,2,0,0,1,0,0,0,0,0,0,0,0,0
123994,3,2015-03-01 22:05:47,19.1,19.1,1005.9,70.4,70.4,0,2.9,346,-7.8,2,0,0,1,0,0,0,0,0,0,0,0,0
123995,3,2015-03-01 22:10:48,19.1,19.1,1006.0,70.1,70.1,0,2.6,320,-7.9,2,0,0,1,0,0,0,0,0,0,0,0,0
123996,3,2015-03-01 22:15:48,19.1,19.1,1006.1,69.9,69.9,0,3.2,292,-8.0,2,0,0,1,0,0,0,0,0,0,0,0,0
123997,3,2015-03-01 22:20:49,19.2,19.2,1006.2,69.7,69.7,0,2.1,322,-5.5,2,0,0,1,0,0,0,0,0,0,0,0,0
123998,3,2015-03-01 22:25:50,19.2,19.2,1006.3,69.3,69.3,0,2.5,306,-4.9,2,0,0,1,0,0,0,0,0,0,0,0,0
123999,3,2015-03-01 22:30:50,19.2,19.2,1006.5,69.4,69.4,0,1.0,337,-3.6,2,0,0,1,0,0,0,0,0,0,0,0,0
124000,3,2015-03-01 22:35:51,19.2,19.2,1006.5,69.5,69.5,0,1.0,351,-9.1,2,0,0,1,0,0,0,0,0,0,0,0,0
124001,3,2015-03-01 22:40:51,19.2,19.2,1006.5,69.2,69.2,0,1.3,348,-16.4,2,0,0,1,0,0,0,0,0,0,0,0,0
124002,3,2015-03-01 22:45:53,19.1,19.1,1006.5,69.4,69.4,0,3.3,302,-18.5,2,0,0,1,0,0,0,0,0,0,0,0,0
124003,3,2015-03-01 22:50:55,19.2,19.2,1006.6,69.4,69.4,0,2.7,338,-19.6,2,0,0,1,0,0,0,0,0,0,0,0,0
124004,3,2015-03-01 22:55:55,19.3,19.3,1006.7,69.1,69.1,0,2.5,309,-19.9,2,0,0,1,0,0,0,0,0,0,0,0,0
124005,3,2015-03-01 23:00:56,19.5,19.5,1006.7,68.2,68.2,0,2.8,296,-19.5,2,0,0,1,0,0,0,0,0,0,0,0,0
124006,3,2015-03-01 23:05:57,19.6,19.6,1006.8,67.8,67.8,0,0.9,306,-19.0,2,0,0,1,0,0,0,0,0,0,0,0,0
124007,3,2015-03-01 23:10:58,19.9,19.9,1006.8,66.4,66.4,0,2.9,345,-20.1,2,0,0,1,0,0,0,0,0,0,0,0,0
124008,3,2015-03-01 23:15:59,19.9,19.9,1006.9,66.5,66.5,0,1.2,7,-17.5,2,0,0,1,0,0,0,0,0,0,0,0,0
124009,3,2015-03-01 23:21:00,20.1,20.1,1007.1,66.2,66.2,0,2.8,324,-18.8,2,0,0,1,0,0,0,0,0,0,0,0,0
124010,3,2015-03-01 23:26:01,20.2,20.2,1006.9,65.2,65.2,0,2.5,294,-20.4,2,0,0,1,0,0,0,0,0,0,0,0,0
124011,3,2015-03-01 23:31:02,20.2,20.2,1007.1,65.1,65.1,0,2.4,306,-20.0,2,0,0,1,0,0,0,0,0,0,0,0,0
124012,3,2015-03-01 23:36:03,20.3,20.3,1007.2,64.7,64.7,0,2.7,296,-16.4,2,0,0,1,0,0,0,0,0,0,0,0,0
124013,3,2015-03-01 23:41:04,20.1,20.1,1007.3,65.4,65.4,0,3.7,334,-14.4,2,0,0,1,0,0,0,0,0,0,0,0,0
124014,3,2015-03-01 23:46:05,20.3,20.3,1007.4,65.1,65.1,0,3.5,304,-8.0,2,0,0,1,0,0,0,0,0,0,0,0,0
124015,3,2015-03-01 23:51:06,20.3,20.3,1007.4,65.2,65.2,0,2.7,273,-5.0,2,0,0,1,0,0,0,0,0,0,0,0,0
124016,3,2015-03-01 23:56:07,20.2,20.2,1007.5,65.6,65.6,0,3.3,321,-3.0,2,0,0,1,0,0,0,0,0,0,0,0,0
124017,3,2015-03-02 00:01:09,20.1,20.1,1007.5,65.9,65.9,0,1.0,326,-2.9,2,0,0,1,0,0,0,0,0,0,0,0,0
124018,3,2015-03-02 00:06:10,20.0,20.0,1007.7,66.4,66.4,0,4.6,272,-4.1,2,0,0,1,0,0,0,0,0,0,0,0,0
124019,3,2015-03-02 00:11:11,20.0,20.0,1007.6,66.7,66.7,0,2.4,3,-3.1,2,0,0,1,0,0,0,0,0,0,0,0,0
124020,3,2015-03-02 00:16:13,20.0,20.0,1007.6,66.1,66.1,0,3.5,310,-3.2,2,0,0,1,0,0,0,0,0,0,0,0,0
124021,3,2015-03-02 00:21:14,20.2,20.2,1007.5,66.0,66.0,0,2.2,296,-2.6,2,0,0,1,0,0,0,0,0,0,0,0,0
124022,3,2015-03-02 00:26:15,20.3,20.3,1007.5,65.0,65.0,0,4.5,311,-2.5,2,0,0,1,0,0,0,0,0,0,0,0,0
124023,3,2015-03-02 00:31:17,20.5,20.5,1007.5,64.6,64.6,0,4.8,273,-2.1,2,0,0,1,0,0,0,0,0,0,0,0,0
124024,3,2015-03-02 00:36:18,20.7,20.7,1007.6,64.4,64.4,0,2.4,296,-4.1,2,0,0,1,0,0,0,0,0,0,0,0,0
124025,3,2015-03-02 00:41:19,20.8,20.8,1007.6,63.6,63.6,0,2.6,289,-2.9,2,0,0,1,0,0,0,0,0,0,0,0,0
124026,3,2015-03-02 00:46:21,20.9,20.9,1007.6,63.3,63.3,0,4.6,318,-3.1,2,0,0,1,0,0,0,0,0,0,0,0,0
124027,3,2015-03-02 00:51:23,21.0,21.0,1007.6,62.8,62.8,0,3.7,327,-5.7,2,0,0,1,0,0,0,0,0,0,0,0,0
124028,3,2015-03-02 00:56:24,20.9,20.9,1007.6,63.9,63.9,0,1.1,272,-1.9,2,0,0,1,0,0,0,0,0,0,0,0,0
124029,3,2015-03-02 01:01:26,21.1,21.1,1007.7,62.7,62.7,0,4.0,312,-3.0,2,0,0,1,0,0,0,0,0,0,0,0,0
124030,3,2015-03-02 01:06:27,21.1,21.1,1007.7,63.1,63.1,0,1.5,312,-2.3,2,0,0,1,0,0,0,0,0,0,0,0,0
124031,3,2015-03-02 01:11:29,21.1,21.1,1007.7,62.4,62.4,0,1.0,74,-2.7,2,0,0,1,0,0,0,0,0,0,0,0,0
124032,3,2015-03-02 01:16:30,21.1,21.1,1007.7,62.8,62.8,0,2.7,325,-2.2,2,0,0,1,0,0,0,0,0,0,0,0,0
124033,3,2015-03-02 01:21:32,21.1,21.1,1007.7,63.2,63.2,0,3.7,341,-3.6,2,0,0,1,0,0,0,0,0,0,0,0,0
124034,3,2015-03-02 01:26:34,21.1,21.1,1007.8,62.3,62.3,0,5.6,309,-3.2,2,0,0,1,0,0,0,0,0,0,0,0,0
124035,3,2015-03-02 01:31:35,21.2,21.2,1007.7,62.1,62.1,0,5.1,308,-3.2,2,0,0,1,0,0,0,0,0,0,0,0,0
124036,3,2015-03-02 01:36:35,21.4,21.4,1007.7,61.9,61.9,0,5.9,297,-3.6,2,0,0,1,0,0,0,0,0,0,0,0,0
124037,3,2015-03-02 01:41:35,21.6,21.6,1007.7,61.1,61.1,0,3.3,315,-6.7,2,0,0,1,0,0,0,0,0,0,0,0,0
124038,3,2015-03-02 01:46:37,21.8,21.8,1007.8,61.3,61.3,0,1.4,332,-6.8,2,0,0,1,0,0,0,0,0,0,0,0,0
124039,3,2015-03-02 01:51:39,22.3,22.3,1007.8,60.1,60.1,0,2.6,309,-4.8,2,0,0,1,0,0,0,0,0,0,0,0,0
124040,3,2015-03-02 01:56:39,22.3,22.3,1007.8,58.8,58.8,0,2.5,343,-4.8,2,0,0,1,0,0,0,0,0,0,0,0,0
124041,3,2015-03-02 02:01:40,22.1,22.1,1007.9,59.8,59.8,0,2.1,274,-3.6,2,0,0,1,0,0,0,0,0,0,0,0,0
124042,3,2015-03-02 02:06:40,22.0,22.0,1008.0,58.8,58.8,0,4.1,294,-3.6,2,0,0,1,0,0,0,0,0,0,0,0,0
124043,3,2015-03-02 02:11:41,22.0,22.0,1008.0,60.1,60.1,0,3.2,315,-3.7,2,0,0,1,0,0,0,0,0,0,0,0,0
124044,3,2015-03-02 02:16:42,22.2,22.2,1007.9,58.4,58.4,0,2.5,301,-6.1,2,0,0,1,0,0,0,0,0,0,0,0,0
124045,3,2015-03-02 02:21:43,22.8,22.8,1008.1,58.0,58.0,0,2.6,280,-1.0,2,0,0,1,0,0,0,0,0,0,0,0,0
124046,3,2015-03-02 02:26:44,22.6,22.6,1008.1,57.0,57.0,0,4.1,321,-3.3,2,0,0,1,0,0,0,0,0,0,0,0,0
124047,3,2015-03-02 02:31:45,22.3,22.3,1008.0,57.7,57.7,0,3.9,332,-4.8,2,0,0,1,0,0,0,0,0,0,0,0,0
124048,3,2015-03-02 02:36:46,22.5,22.5,1008.1,58.8,58.8,0,2.4,340,-2.7,2,0,0,1,0,0,0,0,0,0,0,0,0
124049,3,2015-03-02 02:41:47,22.5,22.5,1008.1,57.9,57.9,0,5.3,305,-3.0,2,0,0,1,0,0,0,0,0,0,0,0,0
124050,3,2015-03-02 02:46:47,22.8,22.8,1008.1,58.2,58.2,0,3.4,290,-3.2,2,0,0,1,0,0,0,0,0,0,0,0,0
124051,3,2015-03-02 02:51:49,22.7,22.7,1008.1,56.8,56.8,0,4.0,292,-3.0,2,0,0,1,0,0,0,0,0,0,0,0,0
124052,3,2015-03-02 02:56:49,22.6,22.6,1008.2,57.2,57.2,0,4.0,324,-3.8,2,0,0,1,0,0,0,0,0,0,0,0,0
124053,3,2015-03-02 03:01:50,22.5,22.5,1008.1,57.4,57.4,0,4.4,331,-4.7,2,0,0,1,0,0,0,0,0,0,0,0,0
124054,3,2015-03-02 03:06:51,22.4,22.4,1008.2,58.2,58.2,0,0.8,303,-2.8,2,0,0,1,0,0,0,0,0,0,0,0,0
124055,3,2015-03-02 03:11:52,22.5,22.5,1008.2,57.9,57.9,0,2.9,245,-3.0,2,0,0,1,0,0,0,0,0,0,0,0,0
124056,3,2015-03-02 03:16:53,22.4,22.4,1008.2,58.3,58.3,0,4.1,299,-5.2,2,0,0,1,0,0,0,0,0,0,0,0,0
124057,3,2015-03-02 03:21:53,22.3,22.3,1008.2,58.7,58.7,0,2.4,291,-4.5,2,0,0,1,0,0,0,0,0,0,0,0,0
124058,3,2015-03-02 03:26:53,22.2,22.2,1008.3,58.6,58.6,0,1.8,291,-3.0,2,0,0,1,0,0,0,0,0,0,0,0,0
124059,3,2015-03-02 03:31:55,22.2,22.2,1008.3,59.3,59.3,0,2.9,236,-3.3,2,0,0,1,0,0,0,0,0,0,0,0,0
124060,3,2015-03-02 03:36:55,22.2,22.2,1008.3,58.6,58.6,0,4.8,289,-3.2,2,0,0,1,0,0,0,0,0,0,0,0,0
124061,3,2015-03-02 03:41:56,22.4,22.4,1008.3,59.2,59.2,0,1.7,270,-1.9,2,0,0,1,0,0,0,0,0,0,0,0,0
124062,3,2015-03-02 03:46:58,22.5,22.5,1008.3,58.2,58.2,0,2.0,280,-2.8,2,0,0,1,0,0,0,0,0,0,0,0,0
124063,3,2015-03-02 03:51:59,22.6,22.6,1008.3,57.2,57.2,0,3.5,290,-1.4,2,0,0,1,0,0,0,0,0,0,0,0,0
124064,3,2015-03-02 03:57:00,22.7,22.7,1008.3,56.7,56.7,0,5.6,292,-4.2,2,0,0,1,0,0,0,0,0,0,0,0,0
124065,3,2015-03-02 04:02:01,22.7,22.7,1008.2,56.7,56.7,0,2.5,268,-2.3,2,0,0,1,0,0,0,0,0,0,0,0,0
124066,3,2015-03-02 04:07:01,22.7,22.7,1008.0,56.5,56.5,0,4.5,287,-4.7,2,0,0,1,0,0,0,0,0,0,0,0,0
124067,3,2015-03-02 04:12:01,22.9,22.9,1008.1,57.1,57.1,0,2.6,293,-5.9,2,0,0,1,0,0,0,0,0,0,0,0,0
124068,3,2015-03-02 04:17:02,23.4,23.4,1008.0,54.6,54.6,0,0.7,339,-6.7,2,0,0,1,0,0,0,0,0,0,0,0,0
124069,3,2015-03-02 04:22:03,23.2,23.2,1008.0,55.3,55.3,0,3.8,271,-7.5,2,0,0,1,0,0,0,0,0,0,0,0,0
124070,3,2015-03-02 04:27:04,23.8,23.8,1008.0,53.8,53.8,0,2.3,294,-11.5,2,0,0,1,0,0,0,0,0,0,0,0,0
124071,3,2015-03-02 04:32:05,23.8,23.8,1008.0,53.5,53.5,0,3.6,302,-11.9,2,0,0,1,0,0,0,0,0,0,0,0,0
124072,3,2015-03-02 04:37:07,24.1,24.1,1007.9,52.7,52.7,0,3.8,288,-8.2,2,0,0,1,0,0,0,0,0,0,0,0,0
124073,3,2015-03-02 04:42:09,23.9,23.9,1007.8,53.0,53.0,0,2.3,258,-12.5,2,0,0,1,0,0,0,0,0,0,0,0,0
124074,3,2015-03-02 04:47:10,24.1,24.1,1007.7,52.7,52.7,0,4.4,286,-10.1,2,0,0,1,0,0,0,0,0,0,0,0,0
124075,3,2015-03-02 04:52:11,24.3,24.3,1007.8,52.3,52.3,0,3.7,287,-10.6,2,0,0,1,0,0,0,0,0,0,0,0,0
124076,3,2015-03-02 04:57:12,24.1,24.1,1007.7,52.0,52.0,0,4.3,266,-12.8,2,0,0,1,0,0,0,0,0,0,0,0,0
124077,3,2015-03-02 05:02:14,24.1,24.1,1007.6,52.4,52.4,0,3.2,233,-10.2,2,0,0,1,0,0,0,0,0,0,0,0,0
124078,3,2015-03-02 05:07:15,24.4,24.4,1007.7,51.2,51.2,0,3.2,256,-13.7,2,0,0,1,0,0,0,0,0,0,0,0,0
124079,3,2015-03-02 05:12:16,24.5,24.5,1007.7,51.4,51.4,0,5.3,270,-12.3,2,0,0,1,0,0,0,0,0,0,0,0,0
124080,3,2015-03-02 05:17:17,24.4,24.4,1007.7,51.3,51.3,0,5.1,312,-20.0,2,0,0,1,0,0,0,0,0,0,0,0,0
124081,3,2015-03-02 05:22:18,24.7,24.7,1007.6,50.7,50.7,0,2.2,278,-15.9,2,0,0,1,0,0,0,0,0,0,0,0,0
124082,3,2015-03-02 05:27:19,25.1,25.1,1007.5,49.8,49.8,0,4.9,252,-16.6,2,0,0,1,0,0,0,0,0,0,0,0,0
124083,3,2015-03-02 05:32:20,25.2,25.2,1007.6,48.8,48.8,0,1.1,274,-13.6,2,0,0,1,0,0,0,0,0,0,0,0,0
124084,3,2015-03-02 05:37:21,25.2,25.2,1007.6,48.7,48.7,0,4.3,295,-23.8,2,0,0,1,0,0,0,0,0,0,0,0,0
124085,3,2015-03-02 05:42:22,24.9,24.9,1007.5,50.1,50.1,0,3.6,298,-15.9,2,0,0,1,0,0,0,0,0,0,0,0,0
124086,3,2015-03-02 05:47:23,24.9,24.9,1007.5,50.0,50.0,0,0.9,264,-12.8,2,0,0,1,0,0,0,0,0,0,0,0,0
124087,3,2015-03-02 05:52:24,25.1,25.1,1007.4,50.0,50.0,0,1.9,294,-15.7,2,0,0,1,0,0,0,0,0,0,0,0,0
124088,3,2015-03-02 05:57:25,25.0,25.0,1007.4,50.4,50.4,0,4.4,288,-17.5,2,0,0,1,0,0,0,0,0,0,0,0,0
124089,3,2015-03-02 06:02:33,25.3,25.3,1007.4,49.0,49.0,0,4.6,275,-14.7,2,0,0,1,0,0,0,0,0,0,0,0,0
124090,3,2015-03-02 06:07:32,25.6,25.6,1007.2,47.9,47.9,0,7.7,269,-16.4,2,0,0,1,0,0,0,0,0,0,0,0,0
124091,3,2015-03-02 06:12:33,25.5,25.5,1007.3,48.4,48.4,0,2.8,263,-17.4,2,0,0,1,0,0,0,0,0,0,0,0,0
124092,3,2015-03-02 06:17:34,25.7,25.7,1007.2,47.6,47.6,0,3.5,299,-16.1,2,0,0,1,0,0,0,0,0,0,0,0,0
124093,3,2015-03-02 06:22:35,25.7,25.7,1007.4,47.0,47.0,0,4.9,290,-17.4,2,0,0,1,0,0,0,0,0,0,0,0,0
124094,3,2015-03-02 06:27:35,25.8,25.8,1007.3,47.3,47.3,0,2.8,340,-15.6,2,0,0,1,0,0,0,0,0,0,0,0,0
124095,3,2015-03-02 06:32:36,25.9,25.9,1007.3,46.5,46.5,0,3.7,291,-17.0,2,0,0,1,0,0,0,0,0,0,0,0,0
124096,3,2015-03-02 06:37:36,25.8,25.8,1007.2,47.0,47.0,0,2.7,272,-13.8,2,0,0,1,0,0,0,0,0,0,0,0,0
124097,3,2015-03-02 06:42:37,26.1,26.1,1007.3,47.2,47.2,0,1.2,321,-15.1,2,0,0,1,0,0,0,0,0,0,0,0,0
124098,3,2015-03-02 06:47:37,26.4,26.4,1007.3,45.7,45.7,0,4.7,284,-18.5,2,0,0,1,0,0,0,0,0,0,0,0,0
124099,3,2015-03-02 06:52:38,26.3,26.3,1007.2,46.5,46.5,0,2.9,23,-16.6,2,0,0,1,0,0,0,0,0,0,0,0,0
124100,3,2015-03-02 06:57:39,26.3,26.3,1007.1,46.3,46.3,0,4.0,274,-17.1,2,0,0,1,0,0,0,0,0,0,0,0,0
124101,3,2015-03-02 07:02:41,26.5,26.5,1007.1,46.0,46.0,0,2.1,323,-16.0,2,0,0,1,0,0,0,0,0,0,0,0,0
124102,3,2015-03-02 07:07:42,26.2,26.2,1007.0,46.6,46.6,0,3.2,281,-18.1,2,0,0,1,0,0,0,0,0,0,0,0,0
124103,3,2015-03-02 07:12:43,26.3,26.3,1007.0,46.1,46.1,0,3.4,284,-15.1,2,0,0,1,0,0,0,0,0,0,0,0,0
124104,3,2015-03-02 07:17:45,26.6,26.6,1006.8,45.8,45.8,0,6.8,266,-16.9,2,0,0,1,0,0,0,0,0,0,0,0,0
124105,3,2015-03-02 07:22:45,26.2,26.2,1006.9,46.2,46.2,0,1.3,354,-14.5,2,0,0,1,0,0,0,0,0,0,0,0,0
124106,3,2015-03-02 07:27:45,26.4,26.4,1007.0,44.7,44.7,0,2.6,301,-14.7,2,0,0,1,0,0,0,0,0,0,0,0,0
124107,3,2015-03-02 07:32:46,26.4,26.4,1006.9,45.5,45.5,0,2.4,347,-17.4,2,0,0,1,0,0,0,0,0,0,0,0,0
124108,3,2015-03-02 07:37:46,26.3,26.3,1006.9,46.3,46.3,0,3.1,248,-13.3,2,0,0,1,0,0,0,0,0,0,0,0,0
124109,3,2015-03-02 07:42:46,26.7,26.7,1006.9,44.4,44.4,0,2.3,263,-12.3,2,0,0,1,0,0,0,0,0,0,0,0,0
124110,3,2015-03-02 07:47:47,26.4,26.4,1007.0,44.8,44.8,0,4.9,321,-10.1,2,0,0,1,0,0,0,0,0,0,0,0,0
124111,3,2015-03-02 07:52:48,26.0,26.0,1007.0,45.7,45.7,0,2.3,286,-12.0,2,0,0,1,0,0,0,0,0,0,0,0,0
124112,3,2015-03-02 07:57:48,26.1,26.1,1006.9,45.7,45.7,0,5.4,312,-17.3,2,0,0,1,0,0,0,0,0,0,0,0,0
124113,3,2015-03-02 08:02:50,25.6,25.6,1007.0,46.7,46.7,0,3.3,344,-10.9,2,0,0,1,0,0,0,0,0,0,0,0,0
124114,3,2015-03-02 08:07:52,26.0,26.0,1007.0,45.9,45.9,0,1.1,8,-10.7,2,0,0,1,0,0,0,0,0,0,0,0,0
124115,3,2015-03-02 08:12:53,26.1,26.1,1007.1,45.4,45.4,0,3.9,297,-15.9,2,0,0,1,0,0,0,0,0,0,0,0,0
124116,3,2015-03-02 08:17:55,25.8,25.8,1006.9,46.4,46.4,0,3.1,335,-18.6,2,0,0,1,0,0,0,0,0,0,0,0,0
124117,3,2015-03-02 08:22:56,25.9,25.9,1007.0,46.6,46.6,0,3.3,293,-21.1,2,0,0,1,0,0,0,0,0,0,0,0,0
124118,3,2015-03-02 08:27:58,26.0,26.0,1007.0,45.7,45.7,0,2.6,301,-17.8,2,0,0,1,0,0,0,0,0,0,0,0,0
124119,3,2015-03-02 08:32:58,26.0,26.0,1006.9,46.5,46.5,0,5.3,299,-19.9,2,0,0,1,0,0,0,0,0,0,0,0,0
124120,3,2015-03-02 08:37:59,26.2,26.2,1007.0,45.3,45.3,0,2.2,317,-24.4,2,0,0,1,0,0,0,0,0,0,0,0,0
124121,3,2015-03-02 08:42:59,26.0,26.0,1007.0,45.8,45.8,0,2.6,281,-21.1,2,0,0,1,0,0,0,0,0,0,0,0,0
124122,3,2015-03-02 08:47:59,25.9,25.9,1007.0,45.8,45.8,0,3.1,305,-14.4,2,0,0,1,0,0,0,0,0,0,0,0,0
124123,3,2015-03-02 08:53:01,26.3,26.3,1007.0,45.0,45.0,0,1.4,315,-22.8,2,0,0,1,0,0,0,0,0,0,0,0,0
124124,3,2015-03-02 08:58:01,26.3,26.3,1007.0,45.6,45.6,0,3.8,293,-23.7,2,0,0,1,0,0,0,0,0,0,0,0,0
124125,3,2015-03-02 09:03:02,26.0,26.0,1006.9,45.6,45.6,0,3.0,324,-23.1,2,0,0,1,0,0,0,0,0,0,0,0,0
124126,3,2015-03-02 09:08:03,26.0,26.0,1007.0,46.1,46.1,0,2.4,288,-23.5,2,0,0,1,0,0,0,0,0,0,0,0,0
124127,3,2015-03-02 09:13:03,26.0,26.0,1007.0,46.0,46.0,0,1.6,334,-23.1,2,0,0,1,0,0,0,0,0,0,0,0,0
124128,3,2015-03-02 09:18:04,25.9,25.9,1007.0,46.7,46.7,0,4.2,294,-23.5,2,0,0,1,0,0,0,0,0,0,0,0,0
124129,3,2015-03-02 09:23:04,25.7,25.7,1007.0,46.0,46.0,0,3.9,289,-23.6,2,0,0,1,0,0,0,0,0,0,0,0,0
124130,3,2015-03-02 09:28:06,25.7,25.7,1007.0,46.3,46.3,0,4.2,284,-24.1,2,0,0,1,0,0,0,0,0,0,0,0,0
124131,3,2015-03-02 09:33:06,25.6,25.6,1007.0,46.6,46.6,0,2.7,307,-21.7,2,0,0,1,0,0,0,0,0,0,0,0,0
124132,3,2015-03-02 09:38:07,25.5,25.5,1007.0,46.6,46.6,0,2.7,328,-24.5,2,0,0,1,0,0,0,0,0,0,0,0,0
124133,3,2015-03-02 09:43:08,25.5,25.5,1007.1,46.8,46.8,0,2.5,296,-22.5,2,0,0,1,0,0,0,0,0,0,0,0,0
124134,3,2015-03-02 09:48:09,25.3,25.3,1007.2,47.9,47.9,0,2.2,306,-27.1,2,0,0,1,0,0,0,0,0,0,0,0,0
124135,3,2015-03-02 09:53:09,24.9,24.9,1007.2,48.3,48.3,0,3.9,315,-24.2,2,0,0,1,0,0,0,0,0,0,0,0,0
124136,3,2015-03-02 09:58:10,24.8,24.8,1007.3,48.5,48.5,0,4.5,308,-23.9,2,0,0,1,0,0,0,0,0,0,0,0,0
124137,3,2015-03-02 10:03:12,24.8,24.8,1007.3,48.8,48.8,0,2.3,284,-23.5,2,0,0,1,0,0,0,0,0,0,0,0,0
124138,3,2015-03-02 10:08:13,24.6,24.6,1007.4,49.4,49.4,0,4.1,295,-23.1,2,0,0,1,0,0,0,0,0,0,0,0,0
124139,3,2015-03-02 10:13:14,24.5,24.5,1007.3,49.7,49.7,0,4.8,288,-23.1,2,0,0,1,0,0,0,0,0,0,0,0,0
124140,3,2015-03-02 10:18:15,24.3,24.3,1007.4,50.1,50.1,0,3.3,323,-23.4,2,0,0,1,0,0,0,0,0,0,0,0,0
124141,3,2015-03-02 10:23:16,24.2,24.2,1007.4,50.5,50.5,0,1.7,258,-23.2,2,0,0,1,0,0,0,0,0,0,0,0,0
124142,3,2015-03-02 10:28:18,24.1,24.1,1007.5,51.1,51.1,0,2.3,283,-22.8,2,0,0,1,0,0,0,0,0,0,0,0,0
124143,3,2015-03-02 10:33:19,24.0,24.0,1007.5,51.2,51.2,0,3.1,289,-24.2,2,0,0,1,0,0,0,0,0,0,0,0,0
124144,3,2015-03-02 10:38:20,23.9,23.9,1007.5,51.6,51.6,0,2.9,297,-24.1,2,0,0,1,0,0,0,0,0,0,0,0,0
124145,3,2015-03-02 10:43:21,23.7,23.7,1007.6,52.4,52.4,0,2.0,300,-23.6,2,0,0,1,0,0,0,0,0,0,0,0,0
124146,3,2015-03-02 10:48:22,23.6,23.6,1007.7,52.4,52.4,0,0.9,271,-22.6,2,0,0,1,0,0,0,0,0,0,0,0,0
124147,3,2015-03-02 10:53:22,23.4,23.4,1007.8,53.1,53.1,0,2.6,308,-23.3,2,0,0,1,0,0,0,0,0,0,0,0,0
124148,3,2015-03-02 10:58:22,23.2,23.2,1007.9,53.8,53.8,0,1.1,287,-23.7,2,0,0,1,0,0,0,0,0,0,0,0,0
124149,3,2015-03-02 11:03:23,23.1,23.1,1008.0,54.2,54.2,0,2.9,288,-24.2,2,0,0,1,0,0,0,0,0,0,0,0,0
124150,3,2015-03-02 11:08:24,23.1,23.1,1008.0,54.3,54.3,0,1.8,324,-23.5,2,0,0,1,0,0,0,0,0,0,0,0,0
124151,3,2015-03-02 11:13:25,22.9,22.9,1008.1,54.5,54.5,0,1.5,306,-21.8,2,0,0,1,0,0,0,0,0,0,0,0,0
124152,3,2015-03-02 11:18:25,22.8,22.8,1008.2,54.8,54.8,0,1.2,285,-22.1,2,0,0,1,0,0,0,0,0,0,0,0,0
124153,3,2015-03-02 11:23:26,22.7,22.7,1008.4,55.3,55.3,0,2.0,303,-22.0,2,0,0,1,0,0,0,0,0,0,0,0,0
124154,3,2015-03-02 11:28:26,22.7,22.7,1008.5,55.6,55.6,0,1.5,321,-22.9,2,0,0,1,0,0,0,0,0,0,0,0,0
124155,3,2015-03-02 11:33:27,22.6,22.6,1008.7,55.7,55.7,0,1.4,312,-22.2,2,0,0,1,0,0,0,0,0,0,0,0,0
124156,3,2015-03-02 11:38:28,22.5,22.5,1008.8,55.9,55.9,0,1.9,337,-22.5,2,0,0,1,0,0,0,0,0,0,0,0,0
124157,3,2015-03-02 11:43:29,22.4,22.4,1008.9,56.4,56.4,0,1.4,346,-22.3,2,0,0,1,0,0,0,0,0,0,0,0,0
124158,3,2015-03-02 11:48:31,22.2,22.2,1009.0,56.6,56.6,0,1.3,10,-22.0,2,0,0,1,0,0,0,0,0,0,0,0,0
124159,3,2015-03-02 11:53:32,22.2,22.2,1009.1,56.7,56.7,0,1.0,345,-21.5,2,0,0,1,0,0,0,0,0,0,0,0,0
124160,3,2015-03-02 11:58:33,22.2,22.2,1009.1,56.6,56.6,0,1.6,306,-19.3,2,0,0,1,0,0,0,0,0,0,0,0,0
124161,3,2015-03-02 12:03:34,22.1,22.1,1009.3,56.6,56.6,0,2.3,321,-15.9,2,0,0,1,0,0,0,0,0,0,0,0,0
124162,3,2015-03-02 12:08:35,22.2,22.2,1009.3,56.4,56.4,0,2.3,317,-15.0,2,0,0,1,0,0,0,0,0,0,0,0,0
124163,3,2015-03-02 12:13:37,22.2,22.2,1009.4,56.2,56.2,0,1.2,319,-14.7,2,0,0,1,0,0,0,0,0,0,0,0,0
124164,3,2015-03-02 12:18:38,22.2,22.2,1009.4,56.0,56.0,0,2.8,341,-16.9,2,0,0,1,0,0,0,0,0,0,0,0,0
124165,3,2015-03-02 12:23:39,22.1,22.1,1009.6,56.4,56.4,0,4.3,306,-21.7,2,0,0,1,0,0,0,0,0,0,0,0,0
124166,3,2015-03-02 12:28:41,22.1,22.1,1009.7,56.4,56.4,0,2.9,305,-22.0,2,0,0,1,0,0,0,0,0,0,0,0,0
124167,3,2015-03-02 12:33:42,22.1,22.1,1009.7,56.6,56.6,0,2.8,332,-19.3,2,0,0,1,0,0,0,0,0,0,0,0,0
124168,3,2015-03-02 12:38:43,22.1,22.1,1009.8,56.7,56.7,0,3.4,329,-18.1,2,0,0,1,0,0,0,0,0,0,0,0,0
124169,3,2015-03-02 12:43:45,22.0,22.0,1009.9,57.1,57.1,0,3.1,301,-21.0,2,0,0,1,0,0,0,0,0,0,0,0,0
124170,3,2015-03-02 12:48:46,22.0,22.0,1010.0,57.2,57.2,0,3.9,317,-22.7,2,0,0,1,0,0,0,0,0,0,0,0,0
124171,3,2015-03-02 12:53:47,21.9,21.9,1010.1,57.3,57.3,0,3.5,310,-22.9,2,0,0,1,0,0,0,0,0,0,0,0,0
124172,3,2015-03-02 12:58:48,21.8,21.8,1010.2,57.6,57.6,0,4.2,309,-23.8,2,0,0,1,0,0,0,0,0,0,0,0,0
124173,3,2015-03-02 13:03:50,21.7,21.7,1010.2,58.1,58.1,0,4.4,293,-22.5,2,0,0,1,0,0,0,0,0,0,0,0,0
124174,3,2015-03-02 13:08:51,21.6,21.6,1010.3,58.1,58.1,0,1.6,12,-22.5,2,0,0,1,0,0,0,0,0,0,0,0,0
124175,3,2015-03-02 13:13:52,21.5,21.5,1010.4,58.3,58.3,0,3.2,314,-22.1,2,0,0,1,0,0,0,0,0,0,0,0,0
124176,3,2015-03-02 13:18:53,21.4,21.4,1010.4,58.3,58.3,0,1.7,315,-22.3,2,0,0,1,0,0,0,0,0,0,0,0,0
124177,3,2015-03-02 13:23:54,21.4,21.4,1010.4,58.3,58.3,0,2.2,295,-22.6,2,0,0,1,0,0,0,0,0,0,0,0,0
124178,3,2015-03-02 13:28:56,21.4,21.4,1010.4,58.0,58.0,0,2.3,296,-23.2,2,0,0,1,0,0,0,0,0,0,0,0,0
124179,3,2015-03-02 13:33:57,21.3,21.3,1010.4,58.5,58.5,0,1.8,272,-23.4,2,0,0,1,0,0,0,0,0,0,0,0,0
124180,3,2015-03-02 13:38:58,21.2,21.2,1010.4,58.7,58.7,0,3.1,294,-23.1,2,0,0,1,0,0,0,0,0,0,0,0,0
124181,3,2015-03-02 13:43:59,21.1,21.1,1010.4,59.1,59.1,0,2.0,303,-22.6,2,0,0,1,0,0,0,0,0,0,0,0,0
124182,3,2015-03-02 13:49:00,21.0,21.0,1010.5,59.4,59.4,0,5.8,309,-23.7,2,0,0,1,0,0,0,0,0,0,0,0,0
124183,3,2015-03-02 13:54:01,20.9,20.9,1010.5,59.8,59.8,0,1.7,297,-23.8,2,0,0,1,0,0,0,0,0,0,0,0,0
124184,3,2015-03-02 13:59:02,20.9,20.9,1010.5,60.1,60.1,0,4.3,312,-24.0,2,0,0,1,0,0,0,0,0,0,0,0,0
124185,3,2015-03-02 14:04:03,20.8,20.8,1010.5,60.4,60.4,0,2.7,289,-22.8,2,0,0,1,0,0,0,0,0,0,0,0,0
124186,3,2015-03-02 14:09:04,20.6,20.6,1010.5,60.9,60.9,0,3.4,297,-22.4,2,0,0,1,0,0,0,0,0,0,0,0,0
124187,3,2015-03-02 14:14:05,20.5,20.5,1010.6,61.4,61.4,0,1.4,293,-22.5,2,0,0,1,0,0,0,0,0,0,0,0,0
124188,3,2015-03-02 14:19:07,20.5,20.5,1010.6,61.7,61.7,0,3.8,314,-23.1,2,0,0,1,0,0,0,0,0,0,0,0,0
124189,3,2015-03-02 14:24:08,20.4,20.4,1010.6,62.1,62.1,0,2.2,302,-22.2,2,0,0,1,0,0,0,0,0,0,0,0,0
124190,3,2015-03-02 14:29:09,20.2,20.2,1010.5,62.6,62.6,0,1.7,277,-21.9,2,0,0,1,0,0,0,0,0,0,0,0,0
124191,3,2015-03-02 14:34:10,20.3,20.3,1010.6,62.7,62.7,0,3.6,295,-22.8,2,0,0,1,0,0,0,0,0,0,0,0,0
124192,3,2015-03-02 14:39:11,20.3,20.3,1010.7,62.5,62.5,0,3.7,316,-22.1,2,0,0,1,0,0,0,0,0,0,0,0,0
124193,3,2015-03-02 14:44:12,20.2,20.2,1010.8,62.9,62.9,0,1.3,333,-22.3,2,0,0,1,0,0,0,0,0,0,0,0,0
124194,3,2015-03-02 14:49:13,20.1,20.1,1010.8,63.2,63.2,0,2.7,305,-22.5,2,0,0,1,0,0,0,0,0,0,0,0,0
124195,3,2015-03-02 14:54:14,20.0,20.0,1010.8,63.4,63.4,0,1.6,313,-21.9,2,0,0,1,0,0,0,0,0,0,0,0,0
124196,3,2015-03-02 14:59:15,20.0,20.0,1010.8,63.5,63.5,0,2.7,279,-23.1,2,0,0,1,0,0,0,0,0,0,0,0,0
124197,3,2015-03-02 15:04:16,19.9,19.9,1010.9,63.9,63.9,0,1.7,273,-22.1,2,0,0,1,0,0,0,0,0,0,0,0,0
124198,3,2015-03-02 15:09:17,19.9,19.9,1010.9,64.1,64.1,0,1.4,265,-21.2,2,0,0,1,0,0,0,0,0,0,0,0,0
124199,3,2015-03-02 15:14:19,19.9,19.9,1010.9,63.8,63.8,0,4.1,290,-23.7,2,0,0,1,0,0,0,0,0,0,0,0,0
124200,3,2015-03-02 15:19:20,19.9,19.9,1011.0,63.9,63.9,0,2.7,291,-22.8,2,0,0,1,0,0,0,0,0,0,0,0,0
124201,3,2015-03-02 15:24:21,19.8,19.8,1011.0,64.3,64.3,0,2.7,291,-23.9,2,0,0,1,0,0,0,0,0,0,0,0,0
124202,3,2015-03-02 15:29:22,19.8,19.8,1011.1,64.1,64.1,0,1.6,280,-22.7,2,0,0,1,0,0,0,0,0,0,0,0,0
124203,3,2015-03-02 15:34:23,19.7,19.7,1011.1,64.6,64.6,0,1.5,304,-21.7,2,0,0,1,0,0,0,0,0,0,0,0,0
124204,3,2015-03-02 15:39:24,19.7,19.7,1011.1,64.7,64.7,0,2.8,290,-22.6,2,0,0,1,0,0,0,0,0,0,0,0,0
124205,3,2015-03-02 15:44:25,19.7,19.7,1011.0,64.8,64.8,0,3.8,276,-23.2,2,0,0,1,0,0,0,0,0,0,0,0,0
124206,3,2015-03-02 15:49:26,19.6,19.6,1011.0,65.1,65.1,0,3.7,303,-22.8,2,0,0,1,0,0,0,0,0,0,0,0,0
124207,3,2015-03-02 15:54:27,19.6,19.6,1011.0,65.2,65.2,0,1.9,290,-23.3,2,0,0,1,0,0,0,0,0,0,0,0,0
124208,3,2015-03-02 15:59:28,19.5,19.5,1011.0,65.6,65.6,0,2.4,296,-23.2,2,0,0,1,0,0,0,0,0,0,0,0,0
124209,3,2015-03-02 16:04:29,19.5,19.5,1011.0,65.7,65.7,0,4.0,278,-21.6,2,0,0,1,0,0,0,0,0,0,0,0,0
124210,3,2015-03-02 16:09:30,19.4,19.4,1011.0,65.9,65.9,0,1.7,323,-24.8,2,0,0,1,0,0,0,0,0,0,0,0,0
124211,3,2015-03-02 16:14:32,19.3,19.3,1011.0,66.3,66.3,0,2.9,293,-22.3,2,0,0,1,0,0,0,0,0,0,0,0,0
124212,3,2015-03-02 16:19:33,19.3,19.3,1011.0,66.7,66.7,0,2.1,303,-23.1,2,0,0,1,0,0,0,0,0,0,0,0,0
124213,3,2015-03-02 16:24:34,19.3,19.3,1010.9,66.8,66.8,0,2.7,283,-23.1,2,0,0,1,0,0,0,0,0,0,0,0,0
124214,3,2015-03-02 16:29:35,19.2,19.2,1011.0,67.0,67.0,0,2.2,300,-22.7,2,0,0,1,0,0,0,0,0,0,0,0,0
124215,3,2015-03-02 16:34:37,19.2,19.2,1011.0,67.3,67.3,0,3.1,267,-22.3,2,0,0,1,0,0,0,0,0,0,0,0,0
124216,3,2015-03-02 16:39:38,19.2,19.2,1011.0,67.4,67.4,0,2.3,291,-21.4,2,0,0,1,0,0,0,0,0,0,0,0,0
124217,3,2015-03-02 16:44:38,19.1,19.1,1011.0,67.6,67.6,0,1.8,290,-22.5,2,0,0,1,0,0,0,0,0,0,0,0,0
124218,3,2015-03-02 16:49:40,19.0,19.0,1011.1,67.8,67.8,0,2.0,329,-22.6,2,0,0,1,0,0,0,0,0,0,0,0,0
124219,3,2015-03-02 16:54:41,19.0,19.0,1011.1,68.1,68.1,0,5.8,285,-23.4,2,0,0,1,0,0,0,0,0,0,0,0,0
124220,3,2015-03-02 16:59:42,19.0,19.0,1011.2,68.0,68.0,0,3.0,343,-22.7,2,0,0,1,0,0,0,0,0,0,0,0,0
124221,3,2015-03-02 17:04:44,18.9,18.9,1011.2,68.3,68.3,0,2.5,289,-23.4,2,0,0,1,0,0,0,0,0,0,0,0,0
124222,3,2015-03-02 17:09:45,18.8,18.8,1011.2,68.6,68.6,0,1.2,295,-22.0,2,0,0,1,0,0,0,0,0,0,0,0,0
124223,3,2015-03-02 17:14:46,18.7,18.7,1011.1,68.9,68.9,0,1.2,332,-21.8,2,0,0,1,0,0,0,0,0,0,0,0,0
124224,3,2015-03-02 17:19:48,18.7,18.7,1011.1,69.1,69.1,0,2.3,312,-22.4,2,0,0,1,0,0,0,0,0,0,0,0,0
124225,3,2015-03-02 17:24:49,18.7,18.7,1011.1,69.3,69.3,0,1.3,268,-21.8,2,0,0,1,0,0,0,0,0,0,0,0,0
124226,3,2015-03-02 17:29:50,18.6,18.6,1011.2,69.4,69.4,0,1.8,286,-21.8,2,0,0,1,0,0,0,0,0,0,0,0,0
124227,3,2015-03-02 17:34:50,18.7,18.7,1011.2,69.3,69.3,0,4.5,277,-23.2,2,0,0,1,0,0,0,0,0,0,0,0,0
124228,3,2015-03-02 17:39:51,18.6,18.6,1011.2,69.5,69.5,0,1.8,285,-21.5,2,0,0,1,0,0,0,0,0,0,0,0,0
124229,3,2015-03-02 17:44:53,18.6,18.6,1011.2,69.6,69.6,0,2.4,317,-22.5,2,0,0,1,0,0,0,0,0,0,0,0,0
124230,3,2015-03-02 17:49:54,18.5,18.5,1011.2,69.9,69.9,0,0.6,280,-21.7,2,0,0,1,0,0,0,0,0,0,0,0,0
124231,3,2015-03-02 17:54:55,18.5,18.5,1011.3,70.1,70.1,0,1.8,296,-22.7,2,0,0,1,0,0,0,0,0,0,0,0,0
124232,3,2015-03-02 17:59:56,18.5,18.5,1011.3,70.1,70.1,0,3.4,332,-21.9,2,0,0,1,0,0,0,0,0,0,0,0,0
124233,3,2015-03-02 18:04:57,18.4,18.4,1011.4,70.3,70.3,0,2.3,305,-21.6,2,0,0,1,0,0,0,0,0,0,0,0,0
124234,3,2015-03-02 18:09:58,18.3,18.3,1011.3,70.6,70.6,0,1.9,321,-22.0,2,0,0,1,0,0,0,0,0,0,0,0,0
124235,3,2015-03-02 18:14:59,18.2,18.2,1011.3,71.0,71.0,0,2.0,291,-21.8,2,0,0,1,0,0,0,0,0,0,0,0,0
124236,3,2015-03-02 18:20:00,18.2,18.2,1011.3,70.9,70.9,0,1.5,328,-22.1,2,0,0,1,0,0,0,0,0,0,0,0,0
124237,3,2015-03-02 18:25:02,18.2,18.2,1011.3,71.0,71.0,0,1.2,294,-21.9,2,0,0,1,0,0,0,0,0,0,0,0,0
124238,3,2015-03-02 18:30:03,18.2,18.2,1011.3,71.1,71.1,0,1.3,295,-21.2,2,0,0,1,0,0,0,0,0,0,0,0,0
124239,3,2015-03-02 18:35:04,18.1,18.1,1011.3,71.4,71.4,0,2.0,302,-21.7,2,0,0,1,0,0,0,0,0,0,0,0,0
124240,3,2015-03-02 18:40:05,18.0,18.0,1011.3,71.8,71.8,0,1.9,282,-21.6,2,0,0,1,0,0,0,0,0,0,0,0,0
124241,3,2015-03-02 18:45:05,18.1,18.1,1011.4,71.7,71.7,0,1.1,334,-21.4,2,0,0,1,0,0,0,0,0,0,0,0,0
124242,3,2015-03-02 18:50:05,18.0,18.0,1011.4,71.9,71.9,0,1.6,340,-20.9,2,0,0,1,0,0,0,0,0,0,0,0,0
124243,3,2015-03-02 18:55:07,17.9,17.9,1011.4,72.1,72.1,0,1.8,318,-20.4,2,0,0,1,0,0,0,0,0,0,0,0,0
124244,3,2015-03-02 19:00:08,17.9,17.9,1011.5,72.3,72.3,0,1.6,278,-20.2,2,0,0,1,0,0,0,0,0,0,0,0,0
124245,3,2015-03-02 19:05:09,17.9,17.9,1011.5,72.4,72.4,0,1.8,298,-20.1,2,0,0,1,0,0,0,0,0,0,0,0,0
124246,3,2015-03-02 19:10:11,17.8,17.8,1011.5,72.6,72.6,0,1.3,303,-20.9,2,0,0,1,0,0,0,0,0,0,0,0,0
124247,3,2015-03-02 19:15:12,17.8,17.8,1011.5,72.6,72.6,0,1.7,337,-20.8,2,0,0,1,0,0,0,0,0,0,0,0,0
124248,3,2015-03-02 19:20:13,17.8,17.8,1011.5,72.7,72.7,0,2.5,309,-20.7,2,0,0,1,0,0,0,0,0,0,0,0,0
124249,3,2015-03-02 19:25:15,17.8,17.8,1011.6,72.8,72.8,0,1.1,319,-19.9,2,0,0,1,0,0,0,0,0,0,0,0,0
124250,3,2015-03-02 19:30:17,17.7,17.7,1011.7,73.1,73.1,0,1.3,305,-19.6,2,0,0,1,0,0,0,0,0,0,0,0,0
124251,3,2015-03-02 19:35:17,17.7,17.7,1011.7,73.1,73.1,0,0.3,299,-19.5,2,0,0,1,0,0,0,0,0,0,0,0,0
124252,3,2015-03-02 19:40:19,17.7,17.7,1011.7,73.4,73.4,0,2.9,310,-19.7,2,0,0,1,0,0,0,0,0,0,0,0,0
124253,3,2015-03-02 19:45:19,17.8,17.8,1011.7,73.2,73.2,0,2.3,301,-19.2,2,0,0,1,0,0,0,0,0,0,0,0,0
124254,3,2015-03-02 19:50:21,17.8,17.8,1011.6,73.3,73.3,0,1.7,289,-17.7,2,0,0,1,0,0,0,0,0,0,0,0,0
124255,3,2015-03-02 19:55:22,17.8,17.8,1011.6,73.2,73.2,0,1.2,329,-16.0,2,0,0,1,0,0,0,0,0,0,0,0,0
124256,3,2015-03-02 20:00:23,17.8,17.8,1011.5,73.3,73.3,0,2.1,279,-16.2,2,0,0,1,0,0,0,0,0,0,0,0,0
124257,3,2015-03-02 20:05:23,17.8,17.8,1011.6,73.2,73.2,0,1.6,289,-15.6,2,0,0,1,0,0,0,0,0,0,0,0,0
124258,3,2015-03-02 20:10:24,17.8,17.8,1011.5,73.2,73.2,0,1.6,308,-14.7,2,0,0,1,0,0,0,0,0,0,0,0,0
124259,3,2015-03-02 20:15:25,17.8,17.8,1011.6,73.3,73.3,0,2.1,283,-14.0,2,0,0,1,0,0,0,0,0,0,0,0,0
124260,3,2015-03-02 20:20:26,17.8,17.8,1011.6,73.3,73.3,0,2.8,290,-16.2,2,0,0,1,0,0,0,0,0,0,0,0,0
124261,3,2015-03-02 20:25:28,17.8,17.8,1011.6,73.2,73.2,0,2.4,308,-17.9,2,0,0,1,0,0,0,0,0,0,0,0,0
124262,3,2015-03-02 20:30:29,17.8,17.8,1011.6,73.3,73.3,0,2.2,329,-15.3,2,0,0,1,0,0,0,0,0,0,0,0,0
124263,3,2015-03-02 20:35:30,17.8,17.8,1011.7,73.2,73.2,0,1.8,320,-13.2,2,0,0,1,0,0,0,0,0,0,0,0,0
124264,3,2015-03-02 20:40:30,17.9,17.9,1011.8,73.1,73.1,0,2.4,305,-14.3,2,0,0,1,0,0,0,0,0,0,0,0,0
124265,3,2015-03-02 20:45:32,17.9,17.9,1011.8,72.8,72.8,0,2.7,310,-16.9,2,0,0,1,0,0,0,0,0,0,0,0,0
124266,3,2015-03-02 20:50:34,17.9,17.9,1011.8,72.8,72.8,0,1.8,344,-17.6,2,0,0,1,0,0,0,0,0,0,0,0,0
124267,3,2015-03-02 20:55:35,17.9,17.9,1011.9,72.8,72.8,0,3.1,307,-18.4,2,0,0,1,0,0,0,0,0,0,0,0,0
124268,3,2015-03-02 21:00:36,17.9,17.9,1011.9,72.9,72.9,0,2.7,296,-19.6,2,0,0,1,0,0,0,0,0,0,0,0,0
124269,3,2015-03-02 21:05:37,17.8,17.8,1011.9,73.3,73.3,0,2.4,342,-20.3,2,0,0,1,0,0,0,0,0,0,0,0,0
124270,3,2015-03-02 21:10:38,17.8,17.8,1011.9,73.2,73.2,0,2.5,307,-21.0,2,0,0,1,0,0,0,0,0,0,0,0,0
124271,3,2015-03-02 21:15:38,17.8,17.8,1012.0,73.2,73.2,0,1.9,318,-20.8,2,0,0,1,0,0,0,0,0,0,0,0,0
124272,3,2015-03-02 21:20:40,17.7,17.7,1012.0,73.3,73.3,0,1.5,321,-19.8,2,0,0,1,0,0,0,0,0,0,0,0,0
124273,3,2015-03-02 21:25:40,17.8,17.8,1012.1,73.2,73.2,0,2.2,286,-19.6,2,0,0,1,0,0,0,0,0,0,0,0,0
124274,3,2015-03-02 21:30:41,17.8,17.8,1012.2,73.2,73.2,0,2.0,317,-19.2,2,0,0,1,0,0,0,0,0,0,0,0,0
124275,3,2015-03-02 21:35:41,17.7,17.7,1012.2,73.2,73.2,0,1.9,321,-18.4,2,0,0,1,0,0,0,0,0,0,0,0,0
124276,3,2015-03-02 21:40:43,17.7,17.7,1012.3,73.3,73.3,0,2.4,320,-17.4,2,0,0,1,0,0,0,0,0,0,0,0,0
124277,3,2015-03-02 21:45:43,17.7,17.7,1012.3,73.5,73.5,0,1.3,323,-17.6,2,0,0,1,0,0,0,0,0,0,0,0,0
124278,3,2015-03-02 21:50:45,17.7,17.7,1012.3,73.2,73.2,0,1.2,348,-17.6,2,0,0,1,0,0,0,0,0,0,0,0,0
124279,3,2015-03-02 21:55:46,17.8,17.8,1012.3,73.1,73.1,0,1.1,300,-18.3,2,0,0,1,0,0,0,0,0,0,0,0,0
124280,3,2015-03-02 22:00:47,17.7,17.7,1012.3,73.2,73.2,0,1.6,289,-20.4,2,0,0,1,0,0,0,0,0,0,0,0,0
124281,3,2015-03-02 22:05:49,17.7,17.7,1012.4,73.3,73.3,0,1.0,296,-19.5,2,0,0,1,0,0,0,0,0,0,0,0,0
124282,3,2015-03-02 22:10:50,17.6,17.6,1012.4,73.6,73.6,0,1.2,326,-19.7,2,0,0,1,0,0,0,0,0,0,0,0,0
124283,3,2015-03-02 22:15:51,17.4,17.4,1012.5,74.2,74.2,0,1.6,298,-18.6,2,0,0,1,0,0,0,0,0,0,0,0,0
124284,3,2015-03-02 22:20:52,17.5,17.5,1012.5,74.0,74.0,0,0.8,286,-17.5,2,0,0,1,0,0,0,0,0,0,0,0,0
124285,3,2015-03-02 22:25:53,17.6,17.6,1012.5,74.0,74.0,0,1.5,314,-17.8,2,0,0,1,0,0,0,0,0,0,0,0,0
124286,3,2015-03-02 22:30:54,17.6,17.6,1012.5,73.7,73.7,0,1.6,284,-19.3,2,0,0,1,0,0,0,0,0,0,0,0,0
124287,3,2015-03-02 22:35:55,17.7,17.7,1012.6,73.7,73.7,0,1.1,319,-20.3,2,0,0,1,0,0,0,0,0,0,0,0,0
124288,3,2015-03-02 22:40:55,17.6,17.6,1012.7,73.9,73.9,0,1.1,309,-19.6,2,0,0,1,0,0,0,0,0,0,0,0,0
124289,3,2015-03-02 22:45:56,17.7,17.7,1012.7,73.8,73.8,0,1.7,281,-19.8,2,0,0,1,0,0,0,0,0,0,0,0,0
124290,3,2015-03-02 22:50:57,17.7,17.7,1012.8,73.9,73.9,0,1.3,312,-20.3,2,0,0,1,0,0,0,0,0,0,0,0,0
124291,3,2015-03-02 22:55:58,17.6,17.6,1012.8,74.0,74.0,0,1.6,289,-20.0,2,0,0,1,0,0,0,0,0,0,0,0,0
124292,3,2015-03-02 23:00:59,17.8,17.8,1012.9,73.6,73.6,0,1.1,320,-19.6,2,0,0,1,0,0,0,0,0,0,0,0,0
124293,3,2015-03-02 23:06:00,18.1,18.1,1013.0,73.3,73.3,0,1.6,287,-19.9,2,0,0,1,0,0,0,0,0,0,0,0,0
124294,3,2015-03-02 23:11:01,18.4,18.4,1013.0,71.9,71.9,0,1.7,273,-20.7,2,0,0,1,0,0,0,0,0,0,0,0,0
124295,3,2015-03-02 23:16:02,18.5,18.5,1013.1,71.8,71.8,0,2.9,276,-20.6,2,0,0,1,0,0,0,0,0,0,0,0,0
124296,3,2015-03-02 23:21:03,18.8,18.8,1013.1,70.6,70.6,0,0.2,231,-19.4,2,0,0,1,0,0,0,0,0,0,0,0,0
124297,3,2015-03-02 23:26:04,18.9,18.9,1013.2,69.8,69.8,0,1.0,246,-19.7,2,0,0,1,0,0,0,0,0,0,0,0,0
124298,3,2015-03-02 23:31:05,19.2,19.2,1013.2,69.0,69.0,0,0.8,306,-19.4,2,0,0,1,0,0,0,0,0,0,0,0,0
124299,3,2015-03-02 23:36:06,19.2,19.2,1013.2,68.8,68.8,0,3.7,302,-18.8,2,0,0,1,0,0,0,0,0,0,0,0,0
124300,3,2015-03-02 23:41:07,19.1,19.1,1013.2,68.9,68.9,0,1.0,6,-14.2,2,0,0,1,0,0,0,0,0,0,0,0,0
124301,3,2015-03-02 23:46:08,19.1,19.1,1013.2,69.6,69.6,0,1.2,327,-15.0,2,0,0,1,0,0,0,0,0,0,0,0,0
124302,3,2015-03-02 23:51:09,19.3,19.3,1013.1,69.4,69.4,0,0.2,315,-13.6,2,0,0,1,0,0,0,0,0,0,0,0,0
124303,3,2015-03-02 23:56:10,19.9,19.9,1013.1,67.0,67.0,0,3.9,308,-16.3,2,0,0,1,0,0,0,0,0,0,0,0,0
124304,3,2015-03-03 00:01:11,20.1,20.1,1013.1,66.4,66.4,0,3.1,332,-17.3,2,0,0,1,0,0,0,0,0,0,0,0,0
124305,3,2015-03-03 00:06:11,20.7,20.7,1013.1,64.6,64.6,0,1.1,310,-14.4,2,0,0,1,0,0,0,0,0,0,0,0,0
124306,3,2015-03-03 00:11:12,20.6,20.6,1013.2,64.0,64.0,0,1.6,279,-13.7,2,0,0,1,0,0,0,0,0,0,0,0,0
124307,3,2015-03-03 00:16:14,20.6,20.6,1013.1,63.8,63.8,0,4.9,314,-16.4,2,0,0,1,0,0,0,0,0,0,0,0,0
124308,3,2015-03-03 00:21:14,20.7,20.7,1013.2,63.4,63.4,0,2.5,290,-17.4,2,0,0,1,0,0,0,0,0,0,0,0,0
124309,3,2015-03-03 00:26:15,20.7,20.7,1013.2,63.7,63.7,0,4.7,290,-20.8,2,0,0,1,0,0,0,0,0,0,0,0,0
124310,3,2015-03-03 00:31:16,20.9,20.9,1013.2,63.3,63.3,0,2.1,287,-15.9,2,0,0,1,0,0,0,0,0,0,0,0,0
124311,3,2015-03-03 00:36:17,21.2,21.2,1013.3,61.6,61.6,0,2.5,302,-17.9,2,0,0,1,0,0,0,0,0,0,0,0,0
124312,3,2015-03-03 00:41:19,21.5,21.5,1013.2,61.5,61.5,0,3.3,324,-15.5,2,0,0,1,0,0,0,0,0,0,0,0,0
124313,3,2015-03-03 00:46:20,21.7,21.7,1013.2,60.2,60.2,0,1.8,256,-16.3,2,0,0,1,0,0,0,0,0,0,0,0,0
124314,3,2015-03-03 00:51:21,22.0,22.0,1013.2,60.2,60.2,0,1.6,321,-13.9,2,0,0,1,0,0,0,0,0,0,0,0,0
124315,3,2015-03-03 00:56:22,21.9,21.9,1013.2,59.8,59.8,0,1.9,270,-13.4,2,0,0,1,0,0,0,0,0,0,0,0,0
124316,3,2015-03-03 01:01:24,22.0,22.0,1013.2,59.3,59.3,0,1.5,346,-12.9,2,0,0,1,0,0,0,0,0,0,0,0,0
124317,3,2015-03-03 01:06:25,22.2,22.2,1013.2,59.4,59.4,0,2.1,278,-13.8,2,0,0,1,0,0,0,0,0,0,0,0,0
124318,3,2015-03-03 01:11:26,22.7,22.7,1013.2,58.0,58.0,0,1.8,265,-15.4,2,0,0,1,0,0,0,0,0,0,0,0,0
124319,3,2015-03-03 01:16:26,23.0,23.0,1013.2,55.5,55.5,0,1.5,276,-14.9,2,0,0,1,0,0,0,0,0,0,0,0,0
124320,3,2015-03-03 01:21:27,23.0,23.0,1013.1,56.5,56.5,0,3.3,303,-15.9,2,0,0,1,0,0,0,0,0,0,0,0,0
124321,3,2015-03-03 01:26:28,23.3,23.3,1013.2,55.4,55.4,0,2.2,279,-18.8,2,0,0,1,0,0,0,0,0,0,0,0,0
124322,3,2015-03-03 01:31:28,23.4,23.4,1013.2,55.7,55.7,0,3.7,320,-15.8,2,0,0,1,0,0,0,0,0,0,0,0,0
124323,3,2015-03-03 01:36:29,23.6,23.6,1013.2,55.0,55.0,0,2.3,282,-14.8,2,0,0,1,0,0,0,0,0,0,0,0,0
124324,3,2015-03-03 01:41:30,23.4,23.4,1013.2,55.5,55.5,0,1.9,285,-18.5,2,0,0,1,0,0,0,0,0,0,0,0,0
124325,3,2015-03-03 01:46:31,23.7,23.7,1013.2,54.6,54.6,0,2.2,284,-17.1,2,0,0,1,0,0,0,0,0,0,0,0,0
124326,3,2015-03-03 01:51:32,23.7,23.7,1013.1,54.8,54.8,0,1.9,262,-14.1,2,0,0,1,0,0,0,0,0,0,0,0,0
124327,3,2015-03-03 01:56:33,24.2,24.2,1013.0,53.7,53.7,0,2.1,327,-16.0,2,0,0,1,0,0,0,0,0,0,0,0,0
124328,3,2015-03-03 02:01:34,24.2,24.2,1013.1,54.0,54.0,0,1.2,273,-16.4,2,0,0,1,0,0,0,0,0,0,0,0,0
124329,3,2015-03-03 02:06:35,24.6,24.6,1013.0,52.8,52.8,0,0.7,250,-14.0,2,0,0,1,0,0,0,0,0,0,0,0,0
124330,3,2015-03-03 02:11:36,24.9,24.9,1013.0,51.6,51.6,0,3.3,336,-17.9,2,0,0,1,0,0,0,0,0,0,0,0,0
124331,3,2015-03-03 02:16:37,24.6,24.6,1012.9,52.3,52.3,0,3.4,291,-18.1,2,0,0,1,0,0,0,0,0,0,0,0,0
124332,3,2015-03-03 02:21:37,24.5,24.5,1012.9,51.6,51.6,0,2.3,291,-16.4,2,0,0,1,0,0,0,0,0,0,0,0,0
124333,3,2015-03-03 02:26:38,24.8,24.8,1012.9,51.5,51.5,0,0.7,313,-14.7,2,0,0,1,0,0,0,0,0,0,0,0,0
124334,3,2015-03-03 02:31:39,25.1,25.1,1012.9,50.8,50.8,0,1.3,249,-14.5,2,0,0,1,0,0,0,0,0,0,0,0,0
124335,3,2015-03-03 02:36:40,25.0,25.0,1012.9,51.3,51.3,0,2.2,281,-15.8,2,0,0,1,0,0,0,0,0,0,0,0,0
124336,3,2015-03-03 02:41:41,25.3,25.3,1012.8,50.3,50.3,0,2.0,277,-16.1,2,0,0,1,0,0,0,0,0,0,0,0,0
124337,3,2015-03-03 02:46:42,25.8,25.8,1012.8,48.2,48.2,0,2.0,314,-19.6,2,0,0,1,0,0,0,0,0,0,0,0,0
124338,3,2015-03-03 02:51:42,25.7,25.7,1012.8,49.2,49.2,0,1.4,13,-16.4,2,0,0,1,0,0,0,0,0,0,0,0,0
124339,3,2015-03-03 02:56:43,25.9,25.9,1012.7,49.4,49.4,0,0.8,292,-17.3,2,0,0,1,0,0,0,0,0,0,0,0,0
124340,3,2015-03-03 03:01:44,26.0,26.0,1012.7,48.5,48.5,0,2.5,226,-17.2,2,0,0,1,0,0,0,0,0,0,0,0,0
124341,3,2015-03-03 03:06:45,26.0,26.0,1012.6,47.3,47.3,0,2.8,274,-20.7,2,0,0,1,0,0,0,0,0,0,0,0,0
124342,3,2015-03-03 03:11:46,26.3,26.3,1012.6,47.4,47.4,0,3.8,269,-17.7,2,0,0,1,0,0,0,0,0,0,0,0,0
124343,3,2015-03-03 03:16:47,26.0,26.0,1012.4,47.6,47.6,0,1.3,271,-13.2,2,0,0,1,0,0,0,0,0,0,0,0,0
124344,3,2015-03-03 03:21:47,27.2,27.2,1012.4,44.9,44.9,0,1.9,279,-15.9,2,0,0,1,0,0,0,0,0,0,0,0,0
124345,3,2015-03-03 03:26:48,26.6,26.6,1012.3,45.2,45.2,0,2.2,278,-17.9,2,0,0,1,0,0,0,0,0,0,0,0,0
124346,3,2015-03-03 03:31:49,27.3,27.3,1012.3,45.6,45.6,0,1.4,289,-15.1,2,0,0,1,0,0,0,0,0,0,0,0,0
124347,3,2015-03-03 03:36:50,27.3,27.3,1012.2,43.8,43.8,0,2.8,239,-15.3,2,0,0,1,0,0,0,0,0,0,0,0,0
124348,3,2015-03-03 03:41:51,27.0,27.0,1012.1,46.3,46.3,0,1.1,260,-13.8,2,0,0,1,0,0,0,0,0,0,0,0,0
124349,3,2015-03-03 03:46:53,27.2,27.2,1012.0,44.6,44.6,0,1.2,271,-15.5,2,0,0,1,0,0,0,0,0,0,0,0,0
124350,3,2015-03-03 03:51:54,27.4,27.4,1012.1,44.9,44.9,0,1.3,256,-13.6,2,0,0,1,0,0,0,0,0,0,0,0,0
124351,3,2015-03-03 03:56:56,27.3,27.3,1012.0,43.9,43.9,0,1.9,259,-14.0,2,0,0,1,0,0,0,0,0,0,0,0,0
124352,3,2015-03-03 04:01:57,27.4,27.4,1012.0,43.8,43.8,0,0.7,343,-13.4,2,0,0,1,0,0,0,0,0,0,0,0,0
124353,3,2015-03-03 04:06:59,27.6,27.6,1012.0,44.9,44.9,0,2.1,296,-18.5,2,0,0,1,0,0,0,0,0,0,0,0,0
124354,3,2015-03-03 04:12:00,27.8,27.8,1011.8,43.6,43.6,0,3.0,301,-15.5,2,0,0,1,0,0,0,0,0,0,0,0,0
124355,3,2015-03-03 04:17:01,27.9,27.9,1011.7,43.3,43.3,0,1.0,49,-13.6,2,0,0,1,0,0,0,0,0,0,0,0,0
124356,3,2015-03-03 04:22:02,28.1,28.1,1011.6,42.0,42.0,0,4.0,2,-19.3,2,0,0,1,0,0,0,0,0,0,0,0,0
124357,3,2015-03-03 04:27:02,28.2,28.2,1011.5,42.3,42.3,0,2.1,283,-16.8,2,0,0,1,0,0,0,0,0,0,0,0,0
124358,3,2015-03-03 04:32:03,28.3,28.3,1011.5,42.0,42.0,0,1.9,314,-15.4,2,0,0,1,0,0,0,0,0,0,0,0,0
124359,3,2015-03-03 04:37:04,28.1,28.1,1011.4,42.3,42.3,0,2.9,311,-15.6,2,0,0,1,0,0,0,0,0,0,0,0,0
124360,3,2015-03-03 04:42:05,28.7,28.7,1011.3,40.6,40.6,0,1.8,252,-11.4,2,0,0,1,0,0,0,0,0,0,0,0,0
124361,3,2015-03-03 04:47:06,28.6,28.6,1011.2,40.2,40.2,0,0.9,281,-13.2,2,0,0,1,0,0,0,0,0,0,0,0,0
124362,3,2015-03-03 04:52:07,28.5,28.5,1011.1,40.4,40.4,0,1.1,301,-21.8,2,0,0,1,0,0,0,0,0,0,0,0,0
124363,3,2015-03-03 04:57:08,28.8,28.8,1011.0,39.8,39.8,0,2.2,270,-12.8,2,0,0,1,0,0,0,0,0,0,0,0,0
124364,3,2015-03-03 05:02:09,29.1,29.1,1011.1,39.8,39.8,0,2.1,282,-25.9,2,0,0,1,0,0,0,0,0,0,0,0,0
124365,3,2015-03-03 05:07:10,28.7,28.7,1011.0,39.6,39.6,0,4.1,291,-15.2,2,0,0,1,0,0,0,0,0,0,0,0,0
124366,3,2015-03-03 05:12:10,29.0,29.0,1011.0,38.6,38.6,0,4.5,313,-16.9,2,0,0,1,0,0,0,0,0,0,0,0,0
124367,3,2015-03-03 05:17:12,29.0,29.0,1011.0,39.5,39.5,0,2.7,252,-14.0,2,0,0,1,0,0,0,0,0,0,0,0,0
124368,3,2015-03-03 05:22:13,29.2,29.2,1010.9,38.0,38.0,0,3.9,279,-15.1,2,0,0,1,0,0,0,0,0,0,0,0,0
124369,3,2015-03-03 05:27:13,29.5,29.5,1010.8,37.0,37.0,0,2.9,302,-13.2,2,0,0,1,0,0,0,0,0,0,0,0,0
124370,3,2015-03-03 05:32:14,29.3,29.3,1010.8,38.2,38.2,0,2.2,257,-10.8,2,0,0,1,0,0,0,0,0,0,0,0,0
124371,3,2015-03-03 05:37:15,29.3,29.3,1010.8,38.6,38.6,0,0.7,275,-11.3,2,0,0,1,0,0,0,0,0,0,0,0,0
124372,3,2015-03-03 05:42:16,29.9,29.9,1010.7,35.9,35.9,0,2.6,263,-13.8,2,0,0,1,0,0,0,0,0,0,0,0,0
124373,3,2015-03-03 05:47:17,30.2,30.2,1010.7,36.0,36.0,0,2.5,278,-14.4,2,0,0,1,0,0,0,0,0,0,0,0,0
124374,3,2015-03-03 05:52:18,29.9,29.9,1010.6,34.9,34.9,0,4.3,279,-11.7,2,0,0,1,0,0,0,0,0,0,0,0,0
124375,3,2015-03-03 05:57:19,29.4,29.4,1010.6,35.7,35.7,0,4.3,334,-16.2,2,0,0,1,0,0,0,0,0,0,0,0,0
124376,3,2015-03-03 06:02:20,28.9,28.9,1010.6,37.2,37.2,0,1.1,292,-9.4,2,0,0,1,0,0,0,0,0,0,0,0,0
124377,3,2015-03-03 06:07:21,29.2,29.2,1010.5,37.8,37.8,0,2.7,263,-14.3,2,0,0,1,0,0,0,0,0,0,0,0,0
124378,3,2015-03-03 06:12:22,29.3,29.3,1010.4,35.2,35.2,0,3.4,298,-8.6,2,0,0,1,0,0,0,0,0,0,0,0,0
124379,3,2015-03-03 06:17:23,29.2,29.2,1010.4,36.8,36.8,0,2.4,274,-18.3,2,0,0,1,0,0,0,0,0,0,0,0,0
124380,3,2015-03-03 06:22:24,28.6,28.6,1010.3,37.3,37.3,0,2.7,325,-21.3,2,0,0,1,0,0,0,0,0,0,0,0,0
124381,3,2015-03-03 06:27:25,29.3,29.3,1010.2,35.5,35.5,0,2.1,323,-16.9,2,0,0,1,0,0,0,0,0,0,0,0,0
124382,3,2015-03-03 06:32:26,29.8,29.8,1010.2,33.8,33.8,0,2.1,288,-12.7,2,0,0,1,0,0,0,0,0,0,0,0,0
124383,3,2015-03-03 06:37:27,29.9,29.9,1010.2,33.7,33.7,0,2.5,239,-12.2,2,0,0,1,0,0,0,0,0,0,0,0,0
124384,3,2015-03-03 06:42:28,29.9,29.9,1010.1,33.4,33.4,0,2.4,329,-12.9,2,0,0,1,0,0,0,0,0,0,0,0,0
124385,3,2015-03-03 06:47:29,30.3,30.3,1010.1,33.2,33.2,0,2.0,270,-12.0,2,0,0,1,0,0,0,0,0,0,0,0,0
124386,3,2015-03-03 06:52:30,29.9,29.9,1010.0,34.7,34.7,0,2.9,282,-16.2,2,0,0,1,0,0,0,0,0,0,0,0,0
124387,3,2015-03-03 06:57:31,29.3,29.3,1010.0,33.5,33.5,0,3.5,283,-23.5,2,0,0,1,0,0,0,0,0,0,0,0,0
124388,3,2015-03-03 07:02:32,29.8,29.8,1010.0,33.2,33.2,0,1.3,354,-21.8,2,0,0,1,0,0,0,0,0,0,0,0,0
124389,3,2015-03-03 07:07:33,30.2,30.2,1010.0,33.5,33.5,0,4.4,268,-9.8,2,0,0,1,0,0,0,0,0,0,0,0,0
124390,3,2015-03-03 07:12:34,30.4,30.4,1010.1,33.1,33.1,0,3.2,331,-18.4,2,0,0,1,0,0,0,0,0,0,0,0,0
124391,3,2015-03-03 07:17:35,28.9,28.9,1010.1,43.2,43.2,0,3.4,19,-21.0,2,0,0,1,0,0,0,0,0,0,0,0,0
124392,3,2015-03-03 07:22:36,27.5,27.5,1010.0,47.4,47.4,0,5.0,39,-16.2,2,0,0,1,0,0,0,0,0,0,0,0,0
124393,3,2015-03-03 07:27:38,27.9,27.9,1010.1,47.8,47.8,0,1.5,45,-20.9,2,0,0,1,0,0,0,0,0,0,0,0,0
124394,3,2015-03-03 07:32:38,27.6,27.6,1009.8,47.5,47.5,0,3.6,23,-11.8,2,0,0,1,0,0,0,0,0,0,0,0,0
124395,3,2015-03-03 07:37:40,28.0,28.0,1009.7,46.5,46.5,0,2.4,43,-15.9,2,0,0,1,0,0,0,0,0,0,0,0,0
124396,3,2015-03-03 07:42:41,27.6,27.6,1009.5,47.3,47.3,0,1.3,357,-19.5,2,0,0,1,0,0,0,0,0,0,0,0,0
124397,3,2015-03-03 07:47:42,27.3,27.3,1009.6,47.8,47.8,0,1.2,358,-7.5,2,0,0,1,0,0,0,0,0,0,0,0,0
124398,3,2015-03-03 07:52:43,27.6,27.6,1009.7,47.7,47.7,0,1.1,308,-10.6,2,0,0,1,0,0,0,0,0,0,0,0,0
124399,3,2015-03-03 07:57:44,27.6,27.6,1009.8,47.3,47.3,0,1.2,56,-19.0,2,0,0,1,0,0,0,0,0,0,0,0,0
124400,3,2015-03-03 08:02:45,27.3,27.3,1009.8,46.5,46.5,0,3.6,33,-17.7,2,0,0,1,0,0,0,0,0,0,0,0,0
124401,3,2015-03-03 08:07:46,27.8,27.8,1009.6,46.7,46.7,0,7.0,45,-16.2,2,0,0,1,0,0,0,0,0,0,0,0,0
124402,3,2015-03-03 08:12:47,27.9,27.9,1009.6,46.5,46.5,0,2.9,37,-6.9,2,0,0,1,0,0,0,0,0,0,0,0,0
124403,3,2015-03-03 08:17:48,27.7,27.7,1009.7,46.4,46.4,0,4.7,20,-9.7,2,0,0,1,0,0,0,0,0,0,0,0,0
124404,3,2015-03-03 08:22:49,27.5,27.5,1009.6,46.8,46.8,0,4.6,37,-22.7,2,0,0,1,0,0,0,0,0,0,0,0,0
124405,3,2015-03-03 08:27:51,27.2,27.2,1009.7,47.4,47.4,0,3.2,339,-20.2,2,0,0,1,0,0,0,0,0,0,0,0,0
124406,3,2015-03-03 08:32:52,27.3,27.3,1009.6,48.0,48.0,0,4.6,52,-17.8,2,0,0,1,0,0,0,0,0,0,0,0,0
124407,3,2015-03-03 08:37:54,27.8,27.8,1009.6,47.0,47.0,0,4.4,76,-13.6,2,0,0,1,0,0,0,0,0,0,0,0,0
124408,3,2015-03-03 08:42:55,27.5,27.5,1009.6,47.9,47.9,0,2.9,42,-15.6,2,0,0,1,0,0,0,0,0,0,0,0,0
124409,3,2015-03-03 08:47:57,27.3,27.3,1009.7,47.4,47.4,0,4.6,38,-14.3,2,0,0,1,0,0,0,0,0,0,0,0,0
124410,3,2015-03-03 08:52:58,27.2,27.2,1009.7,47.9,47.9,0,6.3,28,-18.4,2,0,0,1,0,0,0,0,0,0,0,0,0
124411,3,2015-03-03 08:57:59,26.8,26.8,1009.7,50.0,50.0,0,2.3,42,-11.2,2,0,0,1,0,0,0,0,0,0,0,0,0
124412,3,2015-03-03 09:02:59,26.5,26.5,1009.7,50.5,50.5,0,4.8,26,-12.4,2,0,0,1,0,0,0,0,0,0,0,0,0
124413,3,2015-03-03 09:15:18,25.8,25.8,1009.7,52.4,52.4,0,2.1,25,-22.3,2,0,0,1,0,0,0,0,0,0,0,0,0
124414,3,2015-03-03 09:20:19,26.1,26.1,1009.6,52.8,52.8,0,4.3,39,-22.0,2,0,0,1,0,0,0,0,0,0,0,0,0
124415,3,2015-03-03 09:25:19,26.4,26.4,1009.7,52.0,52.0,0,2.3,341,-19.3,2,0,0,1,0,0,0,0,0,0,0,0,0
124416,3,2015-03-03 09:30:20,26.3,26.3,1009.7,51.6,51.6,0,1.9,46,-18.9,2,0,0,1,0,0,0,0,0,0,0,0,0
124417,3,2015-03-03 09:35:21,26.3,26.3,1009.8,50.0,50.0,0,3.4,5,-21.0,2,0,0,1,0,0,0,0,0,0,0,0,0
124418,3,2015-03-03 09:40:22,26.1,26.1,1009.8,51.0,51.0,0,3.8,8,-23.0,2,0,0,1,0,0,0,0,0,0,0,0,0
124419,3,2015-03-03 09:45:24,25.9,25.9,1009.9,51.6,51.6,0,3.9,359,-23.1,2,0,0,1,0,0,0,0,0,0,0,0,0
124420,3,2015-03-03 09:50:25,25.7,25.7,1010.0,52.7,52.7,0,1.6,17,-22.4,2,0,0,1,0,0,0,0,0,0,0,0,0
124421,3,2015-03-03 09:55:26,25.6,25.6,1009.9,52.8,52.8,0,1.2,42,-22.7,2,0,0,1,0,0,0,0,0,0,0,0,0
124422,3,2015-03-03 10:00:27,25.4,25.4,1009.9,54.0,54.0,0,2.1,18,-23.6,2,0,0,1,0,0,0,0,0,0,0,0,0
124423,3,2015-03-03 10:05:29,25.3,25.3,1010.0,53.3,53.3,0,2.4,30,-22.4,2,0,0,1,0,0,0,0,0,0,0,0,0
124424,3,2015-03-03 10:10:29,25.3,25.3,1010.0,53.4,53.4,0,1.1,19,-23.0,2,0,0,1,0,0,0,0,0,0,0,0,0
124425,3,2015-03-03 10:15:30,25.2,25.2,1010.0,53.2,53.2,0,1.7,37,-23.6,2,0,0,1,0,0,0,0,0,0,0,0,0
124426,3,2015-03-03 10:20:31,25.1,25.1,1010.0,53.2,53.2,0,5.0,358,-24.6,2,0,0,1,0,0,0,0,0,0,0,0,0
124427,3,2015-03-03 10:25:32,25.0,25.0,1010.0,53.5,53.5,0,2.1,19,-24.6,2,0,0,1,0,0,0,0,0,0,0,0,0
124428,3,2015-03-03 10:30:32,24.7,24.7,1010.0,53.7,53.7,0,4.1,21,-24.4,2,0,0,1,0,0,0,0,0,0,0,0,0
124429,3,2015-03-03 10:35:33,24.5,24.5,1010.1,54.6,54.6,0,4.6,17,-24.8,2,0,0,1,0,0,0,0,0,0,0,0,0
124430,3,2015-03-03 10:40:34,24.3,24.3,1010.1,55.6,55.6,0,1.5,29,-22.3,2,0,0,1,0,0,0,0,0,0,0,0,0
124431,3,2015-03-03 10:45:36,24.1,24.1,1010.2,56.7,56.7,0,2.7,31,-22.4,2,0,0,1,0,0,0,0,0,0,0,0,0
124432,3,2015-03-03 10:50:48,23.9,23.9,1010.2,57.9,57.9,0,1.4,25,-22.6,2,0,0,1,0,0,0,0,0,0,0,0,0
124433,3,2015-03-03 10:55:48,23.7,23.7,1010.3,59.6,59.6,0,3.8,43,-25.1,2,0,0,1,0,0,0,0,0,0,0,0,0
124434,3,2015-03-03 11:00:49,23.5,23.5,1010.3,60.6,60.6,0,2.6,42,-22.3,2,0,0,1,0,0,0,0,0,0,0,0,0
124435,3,2015-03-03 11:05:49,23.4,23.4,1010.4,61.1,61.1,0,3.0,31,-23.5,2,0,0,1,0,0,0,0,0,0,0,0,0
124436,3,2015-03-03 11:10:51,23.2,23.2,1010.5,62.1,62.1,0,1.5,11,-22.8,2,0,0,1,0,0,0,0,0,0,0,0,0
124437,3,2015-03-03 11:15:51,23.1,23.1,1010.5,62.6,62.6,0,1.4,28,-22.8,2,0,0,1,0,0,0,0,0,0,0,0,0
124438,3,2015-03-03 11:20:53,23.0,23.0,1010.6,63.0,63.0,0,2.5,30,-23.2,2,0,0,1,0,0,0,0,0,0,0,0,0
124439,3,2015-03-03 11:25:53,22.9,22.9,1010.6,63.6,63.6,0,2.5,37,-22.8,2,0,0,1,0,0,0,0,0,0,0,0,0
124440,3,2015-03-03 11:30:55,22.8,22.8,1010.7,64.3,64.3,0,1.3,14,-22.9,2,0,0,1,0,0,0,0,0,0,0,0,0
124441,3,2015-03-03 11:35:55,22.7,22.7,1010.7,65.0,65.0,0,3.6,21,-23.4,2,0,0,1,0,0,0,0,0,0,0,0,0
124442,3,2015-03-03 11:40:56,22.6,22.6,1010.8,65.7,65.7,0,0.9,16,-22.5,2,0,0,1,0,0,0,0,0,0,0,0,0
124443,3,2015-03-03 11:45:58,22.5,22.5,1010.8,66.5,66.5,0,2.9,17,-23.9,2,0,0,1,0,0,0,0,0,0,0,0,0
124444,3,2015-03-03 11:51:02,22.4,22.4,1010.9,67.5,67.5,0,3.4,9,-23.8,2,0,0,1,0,0,0,0,0,0,0,0,0
124445,3,2015-03-03 11:56:03,22.4,22.4,1011.0,68.3,68.3,0,1.5,353,-23.8,2,0,0,1,0,0,0,0,0,0,0,0,0
124446,3,2015-03-03 12:01:05,22.3,22.3,1011.0,69.0,69.0,0,0.8,6,-23.4,2,0,0,1,0,0,0,0,0,0,0,0,0
124447,3,2015-03-03 12:06:05,22.2,22.2,1011.1,70.0,70.0,0,1.7,30,-23.3,2,0,0,1,0,0,0,0,0,0,0,0,0
124448,3,2015-03-03 12:11:06,22.1,22.1,1011.2,71.0,71.0,0,3.1,23,-23.5,2,0,0,1,0,0,0,0,0,0,0,0,0
124449,3,2015-03-03 12:16:07,22.0,22.0,1011.2,71.4,71.4,0,1.2,47,-23.7,2,0,0,1,0,0,0,0,0,0,0,0,0
124450,3,2015-03-03 12:21:08,21.8,21.8,1011.3,72.2,72.2,0,1.6,15,-23.7,2,0,0,1,0,0,0,0,0,0,0,0,0
124451,3,2015-03-03 12:26:09,21.7,21.7,1011.4,73.0,73.0,0,0.8,13,-22.5,2,0,0,1,0,0,0,0,0,0,0,0,0
124452,3,2015-03-03 12:31:09,21.6,21.6,1011.4,73.8,73.8,0,1.4,18,-22.7,2,0,0,1,0,0,0,0,0,0,0,0,0
124453,3,2015-03-03 12:36:10,21.5,21.5,1011.5,74.7,74.7,0,1.1,40,-22.4,2,0,0,1,0,0,0,0,0,0,0,0,0
124454,3,2015-03-03 12:41:11,21.5,21.5,1011.6,75.2,75.2,0,2.3,35,-23.3,2,0,0,1,0,0,0,0,0,0,0,0,0
124455,3,2015-03-03 12:46:12,21.4,21.4,1011.6,75.7,75.7,0,1.8,358,-23.0,2,0,0,1,0,0,0,0,0,0,0,0,0
124456,3,2015-03-03 12:51:13,21.3,21.3,1011.7,76.0,76.0,0,1.5,355,-22.7,2,0,0,1,0,0,0,0,0,0,0,0,0
124457,3,2015-03-03 12:56:14,21.3,21.3,1011.8,76.3,76.3,0,1.3,26,-22.5,2,0,0,1,0,0,0,0,0,0,0,0,0
124458,3,2015-03-03 13:01:14,21.1,21.1,1011.8,76.7,76.7,0,0.5,359,-22.1,2,0,0,1,0,0,0,0,0,0,0,0,0
124459,3,2015-03-03 13:06:15,21.0,21.0,1011.8,77.3,77.3,0,0.5,12,-22.2,2,0,0,1,0,0,0,0,0,0,0,0,0
124460,3,2015-03-03 13:11:16,20.9,20.9,1011.9,77.8,77.8,0,0.7,351,-22.4,2,0,0,1,0,0,0,0,0,0,0,0,0
124461,3,2015-03-03 13:16:17,20.7,20.7,1011.9,78.3,78.3,0,0.5,17,-21.9,2,0,0,1,0,0,0,0,0,0,0,0,0
124462,3,2015-03-03 13:21:18,20.6,20.6,1011.9,78.6,78.6,0,0.5,340,-22.1,2,0,0,1,0,0,0,0,0,0,0,0,0
124463,3,2015-03-03 13:26:19,20.5,20.5,1011.9,79.1,79.1,0,0.5,33,-21.9,2,0,0,1,0,0,0,0,0,0,0,0,0
124464,3,2015-03-03 13:31:20,20.4,20.4,1012.0,79.4,79.4,0,0.5,36,-22.0,2,0,0,1,0,0,0,0,0,0,0,0,0
124465,3,2015-03-03 13:36:21,20.3,20.3,1011.9,79.7,79.7,0,1.1,321,-21.9,2,0,0,1,0,0,0,0,0,0,0,0,0
124466,3,2015-03-03 13:41:22,20.2,20.2,1011.9,80.0,80.0,0,0.7,353,-21.9,2,0,0,1,0,0,0,0,0,0,0,0,0
124467,3,2015-03-03 13:46:23,20.2,20.2,1011.9,79.9,79.9,0,0.3,332,-22.1,2,0,0,1,0,0,0,0,0,0,0,0,0
124468,3,2015-03-03 13:51:23,20.1,20.1,1011.9,79.5,79.5,0,0.6,332,-21.8,2,0,0,1,0,0,0,0,0,0,0,0,0
124469,3,2015-03-03 13:56:24,20.1,20.1,1011.9,79.3,79.3,0,0.9,337,-22.3,2,0,0,1,0,0,0,0,0,0,0,0,0
124470,3,2015-03-03 14:01:25,20.1,20.1,1011.8,78.8,78.8,0,1.0,346,-22.7,2,0,0,1,0,0,0,0,0,0,0,0,0
124471,3,2015-03-03 14:06:26,20.1,20.1,1011.8,78.1,78.1,0,1.0,356,-22.8,2,0,0,1,0,0,0,0,0,0,0,0,0
124472,3,2015-03-03 14:11:26,20.1,20.1,1011.8,77.7,77.7,0,1.2,339,-22.2,2,0,0,1,0,0,0,0,0,0,0,0,0
124473,3,2015-03-03 14:16:27,20.0,20.0,1011.8,77.3,77.3,0,0.7,354,-22.1,2,0,0,1,0,0,0,0,0,0,0,0,0
124474,3,2015-03-03 14:21:28,19.9,19.9,1011.8,76.8,76.8,0,0.9,344,-22.2,2,0,0,1,0,0,0,0,0,0,0,0,0
124475,3,2015-03-03 14:26:29,19.9,19.9,1011.8,75.6,75.6,0,1.5,346,-22.4,2,0,0,1,0,0,0,0,0,0,0,0,0
124476,3,2015-03-03 14:31:29,20.0,20.0,1011.8,73.1,73.1,0,0.6,30,-22.1,2,0,0,1,0,0,0,0,0,0,0,0,0
124477,3,2015-03-03 14:36:31,20.2,20.2,1011.9,69.8,69.8,0,1.7,327,-22.5,2,0,0,1,0,0,0,0,0,0,0,0,0
124478,3,2015-03-03 14:41:32,20.4,20.4,1011.9,66.7,66.7,0,1.5,283,-22.6,2,0,0,1,0,0,0,0,0,0,0,0,0
124479,3,2015-03-03 14:46:33,20.6,20.6,1011.8,63.1,63.1,0,1.8,309,-22.6,2,0,0,1,0,0,0,0,0,0,0,0,0
124480,3,2015-03-03 14:51:33,21.0,21.0,1011.8,60.3,60.3,0,0.9,287,-23.1,2,0,0,1,0,0,0,0,0,0,0,0,0
124481,3,2015-03-03 14:56:35,21.1,21.1,1011.8,58.2,58.2,0,1.2,269,-23.3,2,0,0,1,0,0,0,0,0,0,0,0,0
124482,3,2015-03-03 15:01:36,21.4,21.4,1011.7,56.1,56.1,0,2.2,307,-24.2,2,0,0,1,0,0,0,0,0,0,0,0,0
124483,3,2015-03-03 15:06:37,21.6,21.6,1011.8,54.0,54.0,0,1.7,290,-24.6,2,0,0,1,0,0,0,0,0,0,0,0,0
124484,3,2015-03-03 15:11:38,21.7,21.7,1011.8,53.1,53.1,0,1.5,311,-24.2,2,0,0,1,0,0,0,0,0,0,0,0,0
124485,3,2015-03-03 15:16:39,21.7,21.7,1011.8,52.7,52.7,0,1.4,279,-24.5,2,0,0,1,0,0,0,0,0,0,0,0,0
124486,3,2015-03-03 15:21:41,21.7,21.7,1011.8,52.4,52.4,0,1.9,312,-23.6,2,0,0,1,0,0,0,0,0,0,0,0,0
124487,3,2015-03-03 15:26:42,22.1,22.1,1011.7,51.5,51.5,0,1.6,297,-24.2,2,0,0,1,0,0,0,0,0,0,0,0,0
124488,3,2015-03-03 15:31:43,22.4,22.4,1011.7,50.8,50.8,0,3.6,328,-24.8,2,0,0,1,0,0,0,0,0,0,0,0,0
124489,3,2015-03-03 15:36:44,22.6,22.6,1011.8,50.9,50.9,0,1.9,271,-25.5,2,0,0,1,0,0,0,0,0,0,0,0,0
124490,3,2015-03-03 15:41:45,22.7,22.7,1011.8,51.4,51.4,0,0.2,299,-23.4,2,0,0,1,0,0,0,0,0,0,0,0,0
124491,3,2015-03-03 15:46:45,22.8,22.8,1011.9,52.3,52.3,0,1.6,277,-24.4,2,0,0,1,0,0,0,0,0,0,0,0,0
124492,3,2015-03-03 15:51:47,23.1,23.1,1011.9,52.1,52.1,0,2.7,304,-24.9,2,0,0,1,0,0,0,0,0,0,0,0,0
124493,3,2015-03-03 15:56:48,23.1,23.1,1011.9,52.6,52.6,0,2.5,314,-24.2,2,0,0,1,0,0,0,0,0,0,0,0,0
124494,3,2015-03-03 16:01:49,22.8,22.8,1011.9,52.8,52.8,0,3.6,307,-24.6,2,0,0,1,0,0,0,0,0,0,0,0,0
124495,3,2015-03-03 16:06:51,22.8,22.8,1011.9,54.2,54.2,0,1.5,261,-25.1,2,0,0,1,0,0,0,0,0,0,0,0,0
124496,3,2015-03-03 16:11:51,22.9,22.9,1011.9,54.5,54.5,0,3.1,299,-25.8,2,0,0,1,0,0,0,0,0,0,0,0,0
124497,3,2015-03-03 16:16:52,22.8,22.8,1011.9,54.9,54.9,0,4.9,305,-25.0,2,0,0,1,0,0,0,0,0,0,0,0,0
124498,3,2015-03-03 16:21:53,22.7,22.7,1011.9,55.2,55.2,0,3.5,308,-25.4,2,0,0,1,0,0,0,0,0,0,0,0,0
124499,3,2015-03-03 16:26:54,22.5,22.5,1011.9,55.7,55.7,0,1.7,297,-24.0,2,0,0,1,0,0,0,0,0,0,0,0,0
124500,3,2015-03-03 16:31:55,22.4,22.4,1012.0,56.5,56.5,0,2.8,293,-25.0,2,0,0,1,0,0,0,0,0,0,0,0,0
124501,3,2015-03-03 16:36:56,22.2,22.2,1012.0,57.3,57.3,0,3.0,343,-25.0,2,0,0,1,0,0,0,0,0,0,0,0,0
124502,3,2015-03-03 16:41:57,22.0,22.0,1012.1,58.2,58.2,0,2.1,288,-24.0,2,0,0,1,0,0,0,0,0,0,0,0,0
124503,3,2015-03-03 16:46:58,21.8,21.8,1012.1,59.0,59.0,0,3.0,299,-23.9,2,0,0,1,0,0,0,0,0,0,0,0,0
124504,3,2015-03-03 16:51:59,21.7,21.7,1012.1,59.4,59.4,0,2.4,319,-23.7,2,0,0,1,0,0,0,0,0,0,0,0,0
124505,3,2015-03-03 16:57:01,21.6,21.6,1012.1,59.7,59.7,0,3.0,316,-24.6,2,0,0,1,0,0,0,0,0,0,0,0,0
124506,3,2015-03-03 17:02:02,21.6,21.6,1012.0,59.8,59.8,0,1.4,277,-23.5,2,0,0,1,0,0,0,0,0,0,0,0,0
124507,3,2015-03-03 17:07:03,21.4,21.4,1012.0,60.3,60.3,0,1.9,312,-22.7,2,0,0,1,0,0,0,0,0,0,0,0,0
124508,3,2015-03-03 17:12:04,21.3,21.3,1011.9,60.7,60.7,0,1.7,308,-23.8,2,0,0,1,0,0,0,0,0,0,0,0,0
124509,3,2015-03-03 17:17:05,21.3,21.3,1011.8,60.6,60.6,0,4.8,284,-25.0,2,0,0,1,0,0,0,0,0,0,0,0,0
124510,3,2015-03-03 17:22:06,21.1,21.1,1011.9,61.2,61.2,0,3.0,331,-23.5,2,0,0,1,0,0,0,0,0,0,0,0,0
124511,3,2015-03-03 17:27:08,21.1,21.1,1012.0,61.3,61.3,0,3.1,303,-24.1,2,0,0,1,0,0,0,0,0,0,0,0,0
124512,3,2015-03-03 17:32:09,21.0,21.0,1012.0,61.5,61.5,0,1.8,302,-22.9,2,0,0,1,0,0,0,0,0,0,0,0,0
124513,3,2015-03-03 17:37:10,20.9,20.9,1011.9,61.9,61.9,0,1.2,344,-23.3,2,0,0,1,0,0,0,0,0,0,0,0,0
124514,3,2015-03-03 17:42:11,20.7,20.7,1012.0,62.7,62.7,0,2.7,288,-24.4,2,0,0,1,0,0,0,0,0,0,0,0,0
124515,3,2015-03-03 17:47:13,20.6,20.6,1011.9,62.8,62.8,0,5.5,293,-25.1,2,0,0,1,0,0,0,0,0,0,0,0,0
124516,3,2015-03-03 17:52:15,20.6,20.6,1011.9,62.9,62.9,0,2.1,284,-23.5,2,0,0,1,0,0,0,0,0,0,0,0,0
124517,3,2015-03-03 17:57:15,20.5,20.5,1011.8,63.1,63.1,0,2.9,277,-24.4,2,0,0,1,0,0,0,0,0,0,0,0,0
124518,3,2015-03-03 18:02:17,20.4,20.4,1011.8,63.5,63.5,0,3.6,296,-23.9,2,0,0,1,0,0,0,0,0,0,0,0,0
124519,3,2015-03-03 18:07:18,20.3,20.3,1011.8,63.8,63.8,0,2.7,290,-26.1,2,0,0,1,0,0,0,0,0,0,0,0,0
124520,3,2015-03-03 18:12:19,20.3,20.3,1011.9,64.0,64.0,0,4.5,277,-24.5,2,0,0,1,0,0,0,0,0,0,0,0,0
124521,3,2015-03-03 18:17:21,20.3,20.3,1011.9,64.0,64.0,0,3.3,297,-23.1,2,0,0,1,0,0,0,0,0,0,0,0,0
124522,3,2015-03-03 18:22:22,20.2,20.2,1011.9,64.2,64.2,0,5.1,287,-23.6,2,0,0,1,0,0,0,0,0,0,0,0,0
124523,3,2015-03-03 18:27:23,20.1,20.1,1011.9,64.6,64.6,0,2.3,294,-23.1,2,0,0,1,0,0,0,0,0,0,0,0,0
124524,3,2015-03-03 18:32:25,20.0,20.0,1011.8,64.8,64.8,0,4.5,277,-24.5,2,0,0,1,0,0,0,0,0,0,0,0,0
124525,3,2015-03-03 18:37:25,20.0,20.0,1011.9,65.0,65.0,0,3.6,321,-24.1,2,0,0,1,0,0,0,0,0,0,0,0,0
124526,3,2015-03-03 18:42:26,19.8,19.8,1011.8,65.7,65.7,0,1.6,283,-22.6,2,0,0,1,0,0,0,0,0,0,0,0,0
124527,3,2015-03-03 18:47:27,19.8,19.8,1012.0,66.0,66.0,0,1.8,273,-23.4,2,0,0,1,0,0,0,0,0,0,0,0,0
124528,3,2015-03-03 18:52:29,19.6,19.6,1012.1,66.5,66.5,0,2.2,286,-23.7,2,0,0,1,0,0,0,0,0,0,0,0,0
124529,3,2015-03-03 18:57:30,19.6,19.6,1012.2,66.7,66.7,0,3.1,274,-23.6,2,0,0,1,0,0,0,0,0,0,0,0,0
124530,3,2015-03-03 19:02:30,19.5,19.5,1012.3,66.9,66.9,0,2.2,289,-23.1,2,0,0,1,0,0,0,0,0,0,0,0,0
124531,3,2015-03-03 19:07:31,19.5,19.5,1012.3,67.1,67.1,0,2.2,306,-24.3,2,0,0,1,0,0,0,0,0,0,0,0,0
124532,3,2015-03-03 19:12:31,19.3,19.3,1012.3,67.5,67.5,0,1.6,273,-23.0,2,0,0,1,0,0,0,0,0,0,0,0,0
124533,3,2015-03-03 19:17:32,19.2,19.2,1012.3,68.0,68.0,0,1.1,282,-23.6,2,0,0,1,0,0,0,0,0,0,0,0,0
124534,3,2015-03-03 19:22:33,19.1,19.1,1012.3,68.5,68.5,0,1.7,265,-22.8,2,0,0,1,0,0,0,0,0,0,0,0,0
124535,3,2015-03-03 19:27:33,19.0,19.0,1012.4,69.1,69.1,0,3.7,302,-22.9,2,0,0,1,0,0,0,0,0,0,0,0,0
124536,3,2015-03-03 19:32:34,18.9,18.9,1012.4,69.4,69.4,0,2.0,281,-23.1,2,0,0,1,0,0,0,0,0,0,0,0,0
124537,3,2015-03-03 19:37:36,18.9,18.9,1012.4,69.4,69.4,0,2.8,310,-22.9,2,0,0,1,0,0,0,0,0,0,0,0,0
124538,3,2015-03-03 19:42:36,18.9,18.9,1012.4,69.2,69.2,0,3.3,274,-23.2,2,0,0,1,0,0,0,0,0,0,0,0,0
124539,3,2015-03-03 19:47:37,19.0,19.0,1012.4,68.9,68.9,0,3.0,273,-23.2,2,0,0,1,0,0,0,0,0,0,0,0,0
124540,3,2015-03-03 19:52:37,19.0,19.0,1012.4,68.9,68.9,0,3.3,293,-24.3,2,0,0,1,0,0,0,0,0,0,0,0,0
124541,3,2015-03-03 19:57:39,19.0,19.0,1012.5,69.0,69.0,0,2.7,283,-23.7,2,0,0,1,0,0,0,0,0,0,0,0,0
124542,3,2015-03-03 20:02:40,19.0,19.0,1012.6,68.9,68.9,0,4.3,281,-26.1,2,0,0,1,0,0,0,0,0,0,0,0,0
124543,3,2015-03-03 20:07:41,18.9,18.9,1012.6,69.2,69.2,0,1.9,300,-22.7,2,0,0,1,0,0,0,0,0,0,0,0,0
124544,3,2015-03-03 20:12:42,18.8,18.8,1012.6,69.5,69.5,0,3.1,344,-23.7,2,0,0,1,0,0,0,0,0,0,0,0,0
124545,3,2015-03-03 20:17:44,18.8,18.8,1012.6,69.7,69.7,0,2.9,255,-23.0,2,0,0,1,0,0,0,0,0,0,0,0,0
124546,3,2015-03-03 20:22:45,18.7,18.7,1012.6,70.1,70.1,0,4.2,285,-23.7,2,0,0,1,0,0,0,0,0,0,0,0,0
124547,3,2015-03-03 20:27:45,18.6,18.6,1012.7,70.5,70.5,0,1.1,286,-22.0,2,0,0,1,0,0,0,0,0,0,0,0,0
124548,3,2015-03-03 20:32:46,18.5,18.5,1012.7,70.9,70.9,0,1.3,249,-22.8,2,0,0,1,0,0,0,0,0,0,0,0,0
124549,3,2015-03-03 20:37:46,18.4,18.4,1012.8,71.1,71.1,0,2.3,272,-22.9,2,0,0,1,0,0,0,0,0,0,0,0,0
124550,3,2015-03-03 20:42:46,18.4,18.4,1012.7,71.5,71.5,0,1.3,281,-23.7,2,0,0,1,0,0,0,0,0,0,0,0,0
124551,3,2015-03-03 20:47:47,18.4,18.4,1012.8,71.4,71.4,0,3.4,290,-22.7,2,0,0,1,0,0,0,0,0,0,0,0,0
124552,3,2015-03-03 20:52:47,18.3,18.3,1012.9,71.8,71.8,0,1.4,306,-22.0,2,0,0,1,0,0,0,0,0,0,0,0,0
124553,3,2015-03-03 20:57:49,18.3,18.3,1013.0,71.9,71.9,0,0.9,228,-22.0,2,0,0,1,0,0,0,0,0,0,0,0,0
124554,3,2015-03-03 21:02:49,18.2,18.2,1013.1,72.1,72.1,0,1.5,289,-22.6,2,0,0,1,0,0,0,0,0,0,0,0,0
124555,3,2015-03-03 21:07:51,18.2,18.2,1013.1,72.2,72.2,0,3.0,267,-23.9,2,0,0,1,0,0,0,0,0,0,0,0,0
124556,3,2015-03-03 21:12:52,18.1,18.1,1013.2,72.5,72.5,0,1.4,287,-23.9,2,0,0,1,0,0,0,0,0,0,0,0,0
124557,3,2015-03-03 21:17:53,18.1,18.1,1013.2,72.7,72.7,0,1.8,247,-23.3,2,0,0,1,0,0,0,0,0,0,0,0,0
124558,3,2015-03-03 21:22:54,18.0,18.0,1013.3,72.9,72.9,0,1.4,338,-23.5,2,0,0,1,0,0,0,0,0,0,0,0,0
124559,3,2015-03-03 21:27:55,18.0,18.0,1013.3,72.9,72.9,0,1.8,307,-22.3,2,0,0,1,0,0,0,0,0,0,0,0,0
124560,3,2015-03-03 21:32:56,18.0,18.0,1013.4,73.2,73.2,0,2.1,265,-22.9,2,0,0,1,0,0,0,0,0,0,0,0,0
124561,3,2015-03-03 21:37:57,18.0,18.0,1013.4,73.1,73.1,0,2.4,303,-23.1,2,0,0,1,0,0,0,0,0,0,0,0,0
124562,3,2015-03-03 21:42:58,18.0,18.0,1013.5,73.2,73.2,0,1.3,283,-22.2,2,0,0,1,0,0,0,0,0,0,0,0,0
124563,3,2015-03-03 21:47:59,17.9,17.9,1013.5,73.4,73.4,0,3.0,259,-24.2,2,0,0,1,0,0,0,0,0,0,0,0,0
124564,3,2015-03-03 21:53:00,17.8,17.8,1013.4,73.7,73.7,0,3.6,294,-23.3,2,0,0,1,0,0,0,0,0,0,0,0,0
124565,3,2015-03-03 21:58:01,17.8,17.8,1013.5,73.8,73.8,0,1.2,285,-23.5,2,0,0,1,0,0,0,0,0,0,0,0,0
124566,3,2015-03-03 22:03:03,17.8,17.8,1013.5,74.0,74.0,0,2.0,282,-22.0,2,0,0,1,0,0,0,0,0,0,0,0,0
124567,3,2015-03-03 22:08:03,17.7,17.7,1013.6,74.4,74.4,0,1.3,267,-22.9,2,0,0,1,0,0,0,0,0,0,0,0,0
124568,3,2015-03-03 22:13:05,17.7,17.7,1013.6,74.4,74.4,0,1.5,274,-22.8,2,0,0,1,0,0,0,0,0,0,0,0,0
124569,3,2015-03-03 22:18:05,17.7,17.7,1013.7,74.4,74.4,0,3.8,277,-23.6,2,0,0,1,0,0,0,0,0,0,0,0,0
124570,3,2015-03-03 22:23:07,17.7,17.7,1013.8,74.3,74.3,0,1.6,276,-22.8,2,0,0,1,0,0,0,0,0,0,0,0,0
124571,3,2015-03-03 22:28:08,17.7,17.7,1013.9,74.3,74.3,0,2.7,303,-23.9,2,0,0,1,0,0,0,0,0,0,0,0,0
124572,3,2015-03-03 22:33:09,17.8,17.8,1014.0,74.0,74.0,0,2.3,292,-23.8,2,0,0,1,0,0,0,0,0,0,0,0,0
124573,3,2015-03-03 22:38:10,17.9,17.9,1014.1,73.7,73.7,0,3.1,290,-23.1,2,0,0,1,0,0,0,0,0,0,0,0,0
124574,3,2015-03-03 22:43:11,18.0,18.0,1014.2,73.2,73.2,0,2.1,295,-22.5,2,0,0,1,0,0,0,0,0,0,0,0,0
124575,3,2015-03-03 22:48:13,18.1,18.1,1014.3,72.8,72.8,0,2.5,242,-23.5,2,0,0,1,0,0,0,0,0,0,0,0,0
124576,3,2015-03-03 22:53:13,18.3,18.3,1014.4,72.7,72.7,0,0.2,298,-21.8,2,0,0,1,0,0,0,0,0,0,0,0,0
124577,3,2015-03-03 22:58:14,18.4,18.4,1014.5,71.9,71.9,0,1.5,258,-22.4,2,0,0,1,0,0,0,0,0,0,0,0,0
124578,3,2015-03-03 23:03:15,18.5,18.5,1014.5,71.4,71.4,0,2.2,354,-23.3,2,0,0,1,0,0,0,0,0,0,0,0,0
124579,3,2015-03-03 23:08:16,18.7,18.7,1014.6,71.0,71.0,0,1.5,285,-23.2,2,0,0,1,0,0,0,0,0,0,0,0,0
124580,3,2015-03-03 23:13:18,18.9,18.9,1014.6,70.1,70.1,0,2.1,271,-22.9,2,0,0,1,0,0,0,0,0,0,0,0,0
124581,3,2015-03-03 23:18:19,18.9,18.9,1014.6,70.0,70.0,0,1.1,296,-22.3,2,0,0,1,0,0,0,0,0,0,0,0,0
124582,3,2015-03-03 23:23:20,19.1,19.1,1014.7,68.9,68.9,0,3.8,294,-23.7,2,0,0,1,0,0,0,0,0,0,0,0,0
124583,3,2015-03-03 23:28:21,19.3,19.3,1014.7,68.7,68.7,0,1.9,268,-22.7,2,0,0,1,0,0,0,0,0,0,0,0,0
124584,3,2015-03-03 23:33:22,19.4,19.4,1014.8,68.2,68.2,0,0.9,265,-22.6,2,0,0,1,0,0,0,0,0,0,0,0,0
124585,3,2015-03-03 23:38:23,19.5,19.5,1014.7,67.9,67.9,0,1.8,246,-23.4,2,0,0,1,0,0,0,0,0,0,0,0,0
124586,3,2015-03-03 23:43:24,19.8,19.8,1014.7,67.0,67.0,0,2.3,291,-22.5,2,0,0,1,0,0,0,0,0,0,0,0,0
124587,3,2015-03-03 23:48:25,19.9,19.9,1014.8,66.6,66.6,0,1.0,256,-23.2,2,0,0,1,0,0,0,0,0,0,0,0,0
124588,3,2015-03-03 23:53:27,20.0,20.0,1014.8,65.6,65.6,0,1.2,303,-21.3,2,0,0,1,0,0,0,0,0,0,0,0,0
124589,3,2015-03-03 23:58:28,20.1,20.1,1014.9,65.4,65.4,0,0.8,210,-20.7,2,0,0,1,0,0,0,0,0,0,0,0,0
